site	id	x	y	dbh	height	species	crown_area
1	1	0.869	5.269	281	17.155	Pinus_sylvestris	8.687012
1	2	5.397	17.467	503	17.303	Pinus_sylvestris	24.536951
1	3	4.731	8.783	153	14.44	Pinus_sylvestris	0.801185
1	4	5.833	10.33	186	15.416	Pinus_sylvestris	6.090272
1	5	7.308	9.066	250	17.864	Pinus_sylvestris	4.6929335
1	6	11.768	15.171	119	8.285	Picea_abies	2.386878
1	7	11.288	13.059	602	15.098	Pinus_sylvestris	46.1365025
1	8	8.8	5.6	211	20.063	Pinus_sylvestris	3.8375245
1	9	3.553	0.281	348	17.459	Pinus_sylvestris	22.020629
1	10	11.758	-0.006	416	19.669	Pinus_sylvestris	23.0991535
1	11	19.933	0.664	208	10.102	Betula_pubescens	13.976977
1	12	16.911	4.203	158	10.371	Betula_pubescens	11.9343385
1	13	26.151	9.712	217	15.613	Pinus_sylvestris	2.8800375
1	14	25.286	10.466	292	17.128	Pinus_sylvestris	6.2374425
1	15	24.23	11.791	106	8.722	Pinus_sylvestris	0.5870265
1	16	23.272	15.687	205	18.653	Pinus_sylvestris	3.0886725
1	17	23.05	17.015	312	18.737	Pinus_sylvestris	6.307194
1	18	24.299	16.143	245	15.44	Pinus_sylvestris	2.9515075
1	19	26.048	16.841	342	17.933	Pinus_sylvestris	8.7446475
1	20	25.94	16.125	133	11.954	Pinus_sylvestris	1.510186
1	21	26.359	20.592	133	10.675	Betula_pubescens	3.1042255
1	22	30.404	20.062	223	16.911	Pinus_sylvestris	2.9203595
1	23	32.43	27.191	294	16.932	Pinus_sylvestris	12.964797
1	24	28.479	28.333	108	7.477	Betula_pubescens	4.0178535
1	25	22.916	31.27	206	10.607	Betula_pubescens	14.969605
1	26	10.668	29.592	184	10.668	Betula_pubescens	12.9323365
1	27	8.334	28.071	121	9.471	Picea_abies	3.22357
1	28	7.027	27.539	333	18.988	Pinus_sylvestris	9.387629
1	29	4.722	27.743	156	13.132	Betula_pubescens	3.3950555
1	30	6.055	28.356	155	15.206	Pinus_sylvestris	1.23048
1	31	4.886	30.023	211	12.676	Picea_abies	10.4505465
1	32	3.531	31.166	225	15.397	Picea_abies	4.846936
1	33	5.752	24.669	226	15.716	Pinus_sylvestris	10.285963
2	1	0.606	4.455	212	10.935	Betula_pubescens	14.7057325
2	3	4.526	0.094	335	14.653	Pinus_sylvestris	31.188933
2	4	23.192	3.735	151	11.734	Betula_pubescens	6.746261
2	5	23.261	4.006	124	10.322	Betula_pubescens	4.9424605
2	6	32.875	0.801	289	16.912	Pinus_sylvestris	12.3303125
2	7	33.255	8.506	346	18.549	Pinus_sylvestris	20.3969465
2	8	32.742	11.075	272	16.569	Pinus_sylvestris	6.0137835
2	9	27.776	11.051	228	18.051	Pinus_sylvestris	4.7213605
2	10	31.739	17.459	261	17.928	Pinus_sylvestris	5.7892575
2	11	25.186	14.93	109	5.414	Betula_pubescens	4.955501
2	12	24.531	16.485	125	7.318	Betula_pubescens	4.3333815
2	13	19.701	11.277	593	19.413	Pinus_sylvestris	33.390168
2	14	18.801	19.835	226	16.27	Pinus_sylvestris	4.726174
2	15	18.01	23.979	116	5.465	Betula_pubescens	2.315779
2	16	17.839	24.219	166	11.191	Pinus_sylvestris	5.9935155
2	17	15.122	19.177	225	11.654	Pinus_sylvestris	12.641552
2	18	14.415	19.687	246	19.964	Pinus_sylvestris	5.6913945
2	19	15.192	26.496	330	18.227	Pinus_sylvestris	15.3146385
2	20	11.546	26.66	337	18.594	Pinus_sylvestris	9.227375
2	21	7.882	30.49	394	17.962	Pinus_sylvestris	20.584538
2	23	18.718	32.114	204	13.476	Pinus_sylvestris	5.3409135
2	24	31.551	24.615	204	13.732	Pinus_sylvestris	2.9478085
2	25	28.786	30.841	301	17.214	Pinus_sylvestris	13.483078
2	26	10.536	8.021	275	15.788	Pinus_sylvestris	7.1570365
2	27	8.149	9.825	111	9.83	Betula_pubescens	3.3706615
2	28	8.454	14.351	141	8.344	Betula_pubescens	6.8351315
2	29	7.987	14.474	121	5.418	Betula_pubescens	4.875845
2	30	8.707	14.835	117	9.073	Betula_pubescens	3.422461
2	31	4.243	21.455	223	10.725	Pinus_sylvestris	9.95018
2	32	1.535	22.518	170	12.349	Pinus_sylvestris	3.101803
2	33	-1.114	18.632	232	13.026	Pinus_sylvestris	7.0995225
2	34	0.216	16.572	111	8.885	Pinus_sylvestris	1.587581
2	35	3.246	22.985	119	3	Betula_pubescens	1.7641205
3	1	0.382	-0.1	324	11.393	Pinus_sylvestris	13.2387255
3	2	0.478	3.374	152	7.608	Betula_pubescens	4.149589
3	3	9.657	9.78	111	6.411	Betula_pubescens	5.4484175
3	4	6.475	14.786	227	9.935	Pinus_sylvestris	6.8354875
3	5	-3.476	12.5	277	8.769	Pinus_sylvestris	12.2824545
3	6	9.863	16.168	185	11.181	Pinus_sylvestris	3.298414
3	7	7.77	22.558	304	15.391	Pinus_sylvestris	8.7029
3	8	0.641	19.724	367	16.879	Pinus_sylvestris	31.3553285
3	9	5.703	17.478	110	2.722	Betula_pubescens	2.0300445
3	10	4.323	23.587	122	6.113	Betula_pubescens	6.7637345
3	11	4.133	29.653	209	12.604	Pinus_sylvestris	9.199461
3	12	5.255	30.3	164	11.759	Pinus_sylvestris	5.684497
3	13	9.45	30.784	111	9.864	Pinus_sylvestris	2.465611
3	14	21.512	30.392	180	10.457	Pinus_sylvestris	5.3366335
3	15	21.162	30.727	159	8.115	Betula_pubescens	9.2492935
3	16	26.133	28.539	173	10.644	Pinus_sylvestris	2.491634
3	17	27.718	30.058	135	8.277	Pinus_sylvestris	2.2088705
3	18	28.021	29.692	201	11.293	Pinus_sylvestris	12.3908905
3	19	31.1	28.864	134	8.692	Betula_pubescens	3.552171
3	20	31.417	30.162	151	7.859	Pinus_sylvestris	4.415131
3	21	27.262	22.332	142	9.814	Pinus_sylvestris	2.4312135
3	22	29.744	21.649	154	10.727	Pinus_sylvestris	3.3484975
3	23	22.044	25.372	133	5.366	Betula_pubescens	4.215195
3	24	25.854	21.693	111	8.756	Pinus_sylvestris	3.4245175
3	25	23.997	19.759	113	8.695	Pinus_sylvestris	2.4958545
3	26	26.13	16.285	354	17.079	Pinus_sylvestris	25.9657765
3	27	26.105	12.539	311	12.808	Pinus_sylvestris	18.9515935
3	28	20.551	13.505	211	12.327	Pinus_sylvestris	10.3118015
3	29	24.591	7.199	140	9.949	Pinus_sylvestris	4.654262
3	30	28.936	4.09	348	17.2	Pinus_sylvestris	28.4133935
3	31	22.181	5.322	139	8.163	Pinus_sylvestris	2.5305715
4	1	-0.2	11.828	200	9.556	Betula_pubescens	11.7650625
4	2	5.309	17.854	213	14.292	Betula_pubescens	9.019092
4	3	5.828	18.261	216	10.741	Betula_pubescens	17.7406115
4	4	6.322	17.802	243	12.023	Betula_pubescens	22.081043
4	5	7.594	14.349	150	7.776	Picea_abies	6.6853665
4	6	13.049	17.763	362	18.411	Picea_abies	6.583113
4	7	8.7	17.857	313	18.557	Picea_abies	7.4644425
4	8	11.121	9.269	351	20.223	Picea_abies	7.4027035
4	9	12.281	7.8	354	18.553	Picea_abies	7.036678
4	10	20.149	3.092	350	17.742	Picea_abies	5.883022
4	11	19.424	18.93	328	18.255	Picea_abies	5.519085
4	12	22.051	19.611	390	23.103	Picea_abies	8.841693
4	13	25.846	20.659	369	17.963	Picea_abies	9.522641
4	14	26.531	22.71	224	14.737	Picea_abies	6.3582785
4	15	24.116	11.275	336	16.615	Picea_abies	5.2578605
4	16	32.008	20.726	294	13.865	Betula_pubescens	22.7122465
4	17	32.366	20.138	215	7.931	Betula_pubescens	27.8493885
4	18	31.772	5.157	272	14.432	Picea_abies	7.0670295
4	19	1.708	-1.81	311	14.048	Betula_pubescens	25.096391
5	1	0.638	17.033	428	17.962	Picea_abies	13.7864895
5	2	2.024	13.308	305	14.136	Picea_abies	3.9562185
5	3	4.437	8.314	310	17.826	Picea_abies	17.30874
5	4	4.635	3.039	207	10.68	Picea_abies	10.173455
5	5	4.84	1.308	192	12.264	Betula_pubescens	10.036001
5	6	5.648	8.637	114	8.112	Picea_abies	5.1986825
5	7	21.316	2.176	444	22.876	Picea_abies	13.233023
5	8	20.661	6.445	307	19.948	Picea_abies	4.4532695
5	9	17.492	6.916	317	17.416	Picea_abies	5.2130455
5	10	14.744	5.605	372	17.088	Picea_abies	11.66254
5	11	14.018	1.43	160	10.174	Betula_pubescens	8.4639625
5	12	12.248	14.494	290	16.554	Betula_pubescens	17.320895
5	13	12.396	15.457	119	6.699	Betula_pubescens	4.9443215
5	14	12.698	15.434	220	14.698	Betula_pubescens	12.7405695
5	15	10.641	16.767	123	8.814	Picea_abies	4.0723035
5	16	4.993	19.122	441	19.146	Picea_abies	10.15716
5	17	17.395	20.073	245	14.354	Betula_pubescens	26.350632
5	18	17.744	20.483	226	13.81	Betula_pubescens	17.994226
5	19	22.888	16.333	415	22.593	Picea_abies	25.8527255
5	20	28.169	3.441	135	8.211	Picea_abies	5.482191
5	21	22.031	19.495	195	14.497	Betula_pubescens	11.7068705
5	22	27.441	6.652	425	21.584	Picea_abies	8.6573315
5	23	29.311	6.065	285	24.395	Picea_abies	7.634708
5	24	29.338	15.626	210	16.862	Picea_abies	4.452568
5	25	30.066	18.752	421	20.356	Picea_abies	17.6927785
5	26	32.186	25.221	337	20.489	Picea_abies	14.5561265
5	27	24.115	31.457	203	10.968	Betula_pubescens	13.295854
5	28	19.205	29.115	221	12.907	Picea_abies	12.005941
5	29	12.199	31.722	316	17.141	Picea_abies	28.8361355
5	30	13.573	31.4	245	15.049	Betula_pubescens	11.152856
5	31	-0.093	26.92	250	13.27	Betula_pubescens	10.9694105
5	32	1.112	30.726	335	15.688	Picea_abies	10.092647
6	1	0.261	11.155	197	13.127	Betula_pubescens	18.987708
6	2	1.427	12.471	104	9.046	Betula_pubescens	3.255234
6	3	2.332	14.759	145	10.706	Betula_pubescens	4.393155
6	4	3.999	13.975	152	10.318	Picea_abies	4.6517015
6	5	5.814	15.369	344	19.816	Pinus_sylvestris	18.277302
6	6	7.382	15.99	244	14.9	Picea_abies	6.6878385
6	7	3.416	4.356	152	4.909	Betula_pubescens	1.6381685
6	8	6.001	6.319	169	13.561	Picea_abies	5.0815105
6	9	9.194	5.537	185	14.524	Picea_abies	5.293344
6	10	5.807	2.999	152	13.391	Picea_abies	4.860862
6	11	3.82	-0.066	102	7.279	Betula_pubescens	3.88436
6	12	11.075	-1.685	165	10.64	Betula_pubescens	9.226714
6	13	10.925	6.917	140	8.475	Betula_pubescens	8.109183
6	14	13.306	12.476	206	13.877	Pinus_sylvestris	5.5134745
6	15	15.205	10.882	413	18.435	Pinus_sylvestris	28.182922
6	16	15.618	8.45	138	9.412	Picea_abies	4.054175
6	17	18.133	5.563	240	16.696	Pinus_sylvestris	5.8893555
6	18	18.894	4.609	209	14.25	Pinus_sylvestris	4.3328275
6	19	18.429	9.607	189	14.25	Picea_abies	5.172351
6	20	21.137	3.48	151	11.89	Picea_abies	4.9520245
6	21	28.596	1.999	169	15.303	Picea_abies	3.662396
6	22	27.984	8.741	237	18.518	Pinus_sylvestris	6.7781075
6	23	27.737	13.73	387	22.102	Pinus_sylvestris	16.4074165
6	24	28.903	10.007	155	10.898	Pinus_sylvestris	0.6170275
6	25	32.73	8.975	365	20.953	Pinus_sylvestris	32.493588
6	26	29.709	11.831	125	10.768	Pinus_sylvestris	1.099917
6	27	29.972	14.432	168	18.043	Pinus_sylvestris	2.2321085
6	28	20.457	12.227	316	18.652	Pinus_sylvestris	11.482472
6	29	31.332	17.669	201	16.955	Pinus_sylvestris	3.709694
6	30	30.501	19.802	190	16.085	Pinus_sylvestris	4.401105
6	31	26.619	20.583	240	15.885	Picea_abies	9.5343415
6	32	23.102	15.203	138	12.703	Picea_abies	9.31304
6	33	22.028	14.954	280	20.511	Pinus_sylvestris	11.3924975
6	34	21.699	14.94	175	13.559	Picea_abies	10.8026155
6	35	19.978	18.038	133	10.159	Picea_abies	4.102798
6	36	19.908	24.751	112	7.014	Picea_abies	4.3360395
6	37	14.83	29.875	188	12.271	Betula_pubescens	15.063098
6	38	10.115	31.109	166	10.274	Betula_pubescens	10.7436665
6	39	7.968	23.466	445	20.216	Pinus_sylvestris	29.9312215
6	40	6.161	24.389	275	20.922	Pinus_sylvestris	8.5084995
6	41	6.792	21.08	110	2.035	Betula_pubescens	5.286442
6	42	14.135	22.052	203	11.47	Betula_pubescens	10.2908955
6	43	16.544	18.531	198	15.778	Picea_abies	4.8819825
6	44	3.078	23.087	160	13.035	Picea_abies	2.853604
6	45	-0.658	18.343	173	12.371	Picea_abies	5.7876455
6	46	-0.825	22.394	146	11.309	Betula_pubescens	5.181414
7	1	-0.544	12.211	127	15.863	Pinus_sylvestris	2.0504235
7	2	-0.912	22.699	254	16.638	Pinus_sylvestris	8.7147205
7	3	0.154	31.561	263	15.838	Pinus_sylvestris	9.887175
7	4	6.198	25.935	230	16.175	Pinus_sylvestris	4.998381
7	5	1.717	14.929	415	19.482	Pinus_sylvestris	17.359087
7	6	3.417	10.649	187	15.978	Pinus_sylvestris	2.9517305
7	7	3.75	6.206	202	17.058	Pinus_sylvestris	4.6602735
7	8	6.277	8.669	206	16.111	Pinus_sylvestris	4.3030145
7	9	9.775	9.751	153	12.516	Pinus_sylvestris	2.081882
7	10	13.458	10.609	513	17.734	Pinus_sylvestris	18.49477
7	11	10.389	3.14	366	18.244	Pinus_sylvestris	14.2170455
7	12	13.261	-0.139	363	20.317	Pinus_sylvestris	25.2515445
7	13	21.949	0.764	142	9.636	Betula_pubescens	6.52048
7	14	29.479	-0.763	405	16.918	Pinus_sylvestris	12.3506195
7	15	25.433	4.006	193	16.787	Pinus_sylvestris	4.217446
7	16	24.225	4.535	203	16.203	Pinus_sylvestris	3.4421005
7	17	23.338	9.181	195	9.988	Pinus_sylvestris	5.578199
7	18	24.698	9.991	455	16.808	Pinus_sylvestris	16.7125965
7	19	18.651	13.071	210	17.468	Pinus_sylvestris	5.182505
7	20	19.829	14.615	222	17.401	Pinus_sylvestris	3.24847
7	21	15.386	20.452	104	9.851	Pinus_sylvestris	1.133318
7	22	14.269	21.219	223	14.999	Pinus_sylvestris	4.1149485
7	23	13.085	23.429	277	19.41	Pinus_sylvestris	10.5583535
7	24	11.699	17.086	177	16.346	Pinus_sylvestris	2.5687515
7	25	10.444	17.753	182	14.119	Pinus_sylvestris	3.342056
7	26	9.891	19.016	155	10.864	Pinus_sylvestris	4.425976
7	27	8.121	17.182	306	17.828	Pinus_sylvestris	8.31718
7	28	8.974	24.314	148	12.937	Pinus_sylvestris	2.2814585
7	29	9.362	25.739	141	13.909	Pinus_sylvestris	2.12265
7	30	9.836	28.626	256	17.847	Pinus_sylvestris	9.2317835
7	31	9.932	30.63	135	14.751	Pinus_sylvestris	1.8925985
7	32	16.029	31.743	232	18.055	Pinus_sylvestris	5.8827745
7	33	20.569	25.775	324	16.463	Pinus_sylvestris	16.726727
7	34	17.644	17.036	243	18.954	Pinus_sylvestris	5.141938
7	35	23.127	16.717	228	16.528	Pinus_sylvestris	4.8762635
7	36	27.571	13.936	117	13.8	Pinus_sylvestris	1.420772
7	37	31.177	12.652	125	14.25	Pinus_sylvestris	2.169027
7	38	29.77	14.402	314	21.776	Pinus_sylvestris	9.2096075
7	39	28.225	17.467	129	14.443	Pinus_sylvestris	1.0223415
7	40	32.437	15.726	130	11.014	Pinus_sylvestris	1.438601
7	41	32.249	16.888	235	18.134	Pinus_sylvestris	3.356054
7	42	31.276	18.05	143	12.507	Pinus_sylvestris	1.1428645
7	43	28.509	21.197	205	18.538	Pinus_sylvestris	2.335875
7	44	28.215	22.528	190	15.364	Pinus_sylvestris	2.967761
8	1	5.855	7.938	368	15.003	Pinus_sylvestris	15.903508
8	2	7.927	14.242	378	19.015	Pinus_sylvestris	17.8451125
8	3	5.673	14.22	259	16.895	Pinus_sylvestris	7.413471
8	4	5.622	18.331	248	16.004	Pinus_sylvestris	8.93505
8	5	6.379	19.668	253	21.018	Pinus_sylvestris	4.4921115
8	6	10.23	27.058	295	16.995	Pinus_sylvestris	8.1540975
8	7	12.203	30.37	280	18.244	Pinus_sylvestris	8.3880955
8	8	9.677	31.673	136	15.688	Pinus_sylvestris	1.7983175
8	9	8.006	31.547	274	17.744	Pinus_sylvestris	9.5838865
8	10	6.822	32.943	243	14.019	Pinus_sylvestris	6.487921
8	11	-1.005	16.726	352	15.129	Pinus_sylvestris	10.175997
8	12	-1.593	3.761	329	17.301	Pinus_sylvestris	19.0338995
8	13	5.616	2.403	177	14.105	Pinus_sylvestris	2.9370185
8	14	16.535	-2.433	406	19.88	Pinus_sylvestris	17.8045045
8	15	12.997	4.203	339	17.362	Pinus_sylvestris	14.49204
8	16	16.202	8.731	329	19.199	Pinus_sylvestris	13.0722785
8	17	20.276	4.625	314	14.201	Pinus_sylvestris	25.870052
8	18	25.794	-0.923	241	15.315	Pinus_sylvestris	9.001846
8	19	21.401	15.475	340	14.553	Pinus_sylvestris	20.4946875
8	20	30.754	22.915	285	19.341	Pinus_sylvestris	7.231368
8	21	28.943	25.054	161	15.083	Pinus_sylvestris	1.5922025
8	22	29.333	31.71	433	21.67	Pinus_sylvestris	17.62063
8	23	20.781	25.498	528	18.555	Pinus_sylvestris	36.809262
8	24	13.404	22.602	376	21.006	Pinus_sylvestris	14.4411245
9	1	-1.357	2.722	293	16.988	Pinus_sylvestris	21.005292
9	2	-0.116	4.52	276	17.465	Pinus_sylvestris	11.899093
9	3	0.257	12.176	263	16.95	Pinus_sylvestris	10.196046
9	4	-1.055	15.525	265	19.043	Pinus_sylvestris	10.031164
9	5	2.41	18.559	325	16.21	Pinus_sylvestris	16.078342
9	6	1.405	26.083	382	17.418	Pinus_sylvestris	21.745729
9	7	5.308	27.476	255	15.106	Pinus_sylvestris	10.634332
9	8	6.071	25.098	187	14.487	Pinus_sylvestris	5.2992505
9	9	9.966	18.85	266	21.647	Pinus_sylvestris	9.802748
9	10	11.201	23.259	278	16.756	Pinus_sylvestris	8.1646595
9	11	18.294	25.05	435	23.156	Pinus_sylvestris	14.3200025
9	12	24.145	30.337	231	16.799	Pinus_sylvestris	7.0492715
9	13	33.511	27.837	305	20.127	Pinus_sylvestris	15.6667415
9	14	20.325	19.911	438	16.032	Pinus_sylvestris	33.518002
9	15	14.297	15.291	250	15.395	Pinus_sylvestris	7.6055295
9	16	14.882	11.75	170	13.898	Pinus_sylvestris	3.2783715
9	17	14.078	4.643	372	17.328	Pinus_sylvestris	21.4567755
9	18	10.647	-0.321	304	16.374	Pinus_sylvestris	14.15858
9	19	17.101	-0.253	257	16.94	Pinus_sylvestris	6.1426225
9	20	21.713	2.256	376	14.68	Pinus_sylvestris	14.477095
9	21	26.873	2.871	150	11.492	Pinus_sylvestris	3.0891405
9	22	27.651	5.719	192	12.193	Pinus_sylvestris	4.037437
9	23	28.224	5.625	105	9.065	Pinus_sylvestris	0.617309
10	1	0.966	-1.302	278	17.121	Pinus_sylvestris	17.111507
10	2	4.98	0.866	278	15.195	Pinus_sylvestris	9.406765
10	3	0.925	3.976	304	16.405	Pinus_sylvestris	16.821263
10	4	2.792	13.858	279	15.83	Pinus_sylvestris	25.9788055
10	5	1.701	15.874	341	22.674	Pinus_sylvestris	13.9726965
10	6	3.125	18.036	274	22.945	Pinus_sylvestris	4.7639775
10	7	9.075	10.976	268	17.542	Pinus_sylvestris	9.637225
10	9	9.915	15.336	337	21.583	Pinus_sylvestris	13.036861
10	10	4.111	28.66	246	17.01	Pinus_sylvestris	8.145506
10	11	3.05	33.481	294	17.659	Pinus_sylvestris	6.9600065
10	12	13.512	28.399	252	15.713	Pinus_sylvestris	8.9348795
10	13	10.328	34.415	396	17.188	Pinus_sylvestris	27.1759675
10	14	13.586	30.772	154	14.775	Pinus_sylvestris	3.912751
10	15	18.223	30.831	303	18.493	Pinus_sylvestris	20.3403705
10	16	20.465	31.242	296	20.323	Pinus_sylvestris	10.8168445
10	17	22.074	29.727	173	13.429	Pinus_sylvestris	3.9182955
10	18	24.544	31.228	211	15.228	Pinus_sylvestris	7.8171785
10	19	25.883	32.187	221	16.237	Pinus_sylvestris	5.095878
10	20	28.187	26.203	301	15.358	Pinus_sylvestris	17.5660355
10	25	22.374	16.42	193	18.124	Pinus_sylvestris	4.36907
10	26	21.669	12.964	282	18.9	Pinus_sylvestris	12.3500095
11	1	5.667	0.169	183	10.325	Pinus_sylvestris	3.8330765
11	2	2.087	1.079	110	10.203	Pinus_sylvestris	1.5770795
11	3	1.908	1.242	120	10.537	Pinus_sylvestris	1.5813715
11	4	4.202	4.394	112	8.205	Pinus_sylvestris	2.820804
11	5	4.544	9.532	122	7.955	Pinus_sylvestris	4.229269
11	6	7.421	13.6	356	14.729	Pinus_sylvestris	14.541475
11	7	8.465	14.635	378	16.18	Pinus_sylvestris	16.5504755
11	8	14.68	8.499	460	13.892	Pinus_sylvestris	28.179054
11	9	14.481	14.407	360	15.16	Pinus_sylvestris	15.534817
11	10	18.163	18.907	366	16.148	Pinus_sylvestris	16.0965885
11	11	20.51	22.23	333	14.164	Pinus_sylvestris	11.8909455
11	12	32.385	21.414	493	18.27	Pinus_sylvestris	28.881064
11	13	28.173	10.278	371	12.07	Pinus_sylvestris	12.087978
11	14	30.284	7.413	383	14.968	Pinus_sylvestris	16.770098
11	15	19.762	-0.413	299	11.378	Pinus_sylvestris	13.229552
11	16	-0.169	24.019	280	11.381	Pinus_sylvestris	12.957377
11	17	13.134	23.047	374	14.171	Pinus_sylvestris	16.5418405
11	18	14.774	23.666	320	12.5	Pinus_sylvestris	7.16725
11	19	12.283	27.328	268	12.307	Pinus_sylvestris	6.2759275
11	20	8.955	34.995	446	14.146	Pinus_sylvestris	29.0718265
12	1	4.726	3.047	146	13.169	Picea_abies	1.3067885
12	2	6.745	4.37	235	15.562	Picea_abies	3.5749005
12	3	15.168	3.424	240	16.011	Picea_abies	6.3222025
12	4	14.926	4.535	160	8.413	Picea_abies	5.208512
12	5	16.139	4.3	285	17.574	Picea_abies	9.606654
12	6	25.163	0.149	366	17.967	Picea_abies	4.2983975
12	7	9.364	12.435	333	17.288	Picea_abies	4.6088935
12	8	29.371	-0.834	358	16.88	Picea_abies	9.6752965
12	9	25.976	18.453	215	12.653	Picea_abies	4.150144
12	10	28.188	21.986	228	14.933	Picea_abies	3.5201085
12	11	29.454	23.89	276	15.855	Picea_abies	3.9414065
12	12	26.159	26.689	199	13.049	Picea_abies	2.234015
12	13	24.82	25.541	218	16.701	Picea_abies	4.3348465
12	14	21.336	16.72	315	17.662	Picea_abies	8.6618975
12	15	31.705	6.501	216	11.912	Betula_pubescens	9.6748185
12	16	31.895	7.909	170	8.087	Betula_pubescens	4.77679
12	17	28.145	10.227	270	14.994	Picea_abies	6.739873
12	18	29.191	10.972	145	8.882	Picea_abies	5.807084
12	19	22.423	23.119	240	19.031	Picea_abies	3.3838425
12	20	23.393	28.771	233	9.94	Picea_abies	4.9339595
12	21	12.321	23.939	228	13.571	Picea_abies	5.6107325
12	22	7.208	22.554	330	18.21	Picea_abies	6.033578
12	23	7.484	30.914	163	11.287	Betula_pubescens	6.057196
12	24	5.761	19.268	133	8.994	Betula_pubescens	4.605479
12	25	0.176	22.185	175	11.471	Picea_abies	1.719804
12	26	-1.664	19.175	390	21.864	Picea_abies	11.6613085
12	27	0.598	7.621	430	20.938	Picea_abies	11.3571945
13	1	-3.501	6.621	559	19.791	Pinus_sylvestris	45.5110935
13	2	6.579	17.22	228	17.232	Pinus_sylvestris	12.894248
13	3	8.78	24.563	470	18.944	Pinus_sylvestris	28.4546975
13	4	18.808	23.738	112	8.319	Pinus_sylvestris	1.4497365
13	5	14.925	13.523	300	18.085	Pinus_sylvestris	14.3595015
13	6	7.477	10.642	132	7.651	Pinus_sylvestris	1.226794
13	7	18.481	17.581	255	14.388	Pinus_sylvestris	10.5904665
13	8	28.288	23.871	388	15.187	Pinus_sylvestris	24.4629345
13	9	27.442	18.343	455	18.226	Pinus_sylvestris	40.0185915
13	10	29.792	10.944	357	16.379	Pinus_sylvestris	32.022137
13	11	15.272	9.733	340	17.185	Pinus_sylvestris	18.494744
13	12	14.178	2.928	434	19.195	Pinus_sylvestris	31.152335
13	13	13.446	-1.058	375	19.639	Pinus_sylvestris	11.0991585
13	14	23.692	-1.072	312	16.911	Pinus_sylvestris	14.846763
13	15	4.613	-2.234	410	15.049	Pinus_sylvestris	52.3190335
14	1	14.189	-0.039	244	16.538	Pinus_sylvestris	7.893305
14	2	8.488	-0.677	120	14.521	Pinus_sylvestris	1.3519965
14	3	6.393	-0.537	121	9.59	Pinus_sylvestris	0.3358195
14	4	1.418	0.963	233	14.992	Pinus_sylvestris	4.567814
14	5	4.712	3.398	131	9.57	Picea_abies	3.013824
14	6	9.775	1.458	111	12.964	Pinus_sylvestris	0.9930715
14	7	9.675	2.797	214	14.647	Pinus_sylvestris	3.608365
14	8	7.033	4.607	183	12.946	Pinus_sylvestris	5.42581
14	9	6.584	5.913	303	20.437	Pinus_sylvestris	3.9785755
14	10	7.896	6.937	266	18.23	Pinus_sylvestris	7.8944315
14	11	7.006	9.09	201	14.797	Pinus_sylvestris	2.9864615
14	12	3.811	9.249	208	18.741	Pinus_sylvestris	1.1360705
14	13	1.495	8.64	212	16.916	Pinus_sylvestris	3.0200825
14	14	-0.287	5.514	207	13.431	Pinus_sylvestris	2.7721135
14	15	1.574	16.853	215	14.5	Picea_abies	7.112283
14	16	6.927	15.227	166	13.829	Pinus_sylvestris	2.783974
14	17	9.693	10.211	265	18.349	Pinus_sylvestris	6.4525505
14	18	10.206	16.362	174	14.816	Pinus_sylvestris	1.910353
14	19	14.311	12.466	277	14.954	Pinus_sylvestris	11.9227015
14	20	14.879	16.061	399	20.333	Pinus_sylvestris	13.4274775
14	21	13.044	18.347	218	16.318	Pinus_sylvestris	2.599362
14	22	20.927	12.584	240	18.274	Betula_pubescens	17.6772345
14	23	22.378	10.534	111	9.532	Pinus_sylvestris	1.551226
14	24	24.65	9.194	309	15.708	Pinus_sylvestris	11.955503
14	25	26.936	11.974	132	12.846	Pinus_sylvestris	1.332795
14	26	29.3	8.318	147	9.903	Pinus_sylvestris	2.062667
14	27	31.904	11.467	218	17.932	Pinus_sylvestris	4.731447
14	28	33.047	5.773	302	18.39	Pinus_sylvestris	8.2306325
14	29	14.019	30.937	350	22.863	Pinus_sylvestris	13.6657585
14	30	31.866	14.041	268	19.752	Pinus_sylvestris	11.9223245
14	31	29.292	18.648	279	19.768	Pinus_sylvestris	8.358843
14	32	30.925	20.464	166	10.271	Pinus_sylvestris	4.3688895
14	33	30.547	23.219	337	19.803	Pinus_sylvestris	12.642075
14	34	28.687	24.564	278	15.171	Pinus_sylvestris	5.7586245
14	35	31.358	25.618	133	10.195	Pinus_sylvestris	0.8909055
14	36	31.901	28.863	246	18.708	Pinus_sylvestris	3.4161445
14	37	30.458	29.517	158	9.785	Pinus_sylvestris	1.8726905
14	38	7.248	31.468	333	18.129	Pinus_sylvestris	19.8881535
14	39	6.399	31.417	177	10.335	Pinus_sylvestris	4.962992
14	40	0.229	22.719	340	20.015	Pinus_sylvestris	13.7069385
14	41	0.116	21.991	248	13.31	Pinus_sylvestris	4.349799
14	42	10.978	22.742	158	4.272	Betula_pubescens	6.0564405
14	43	11.764	21.758	314	18.59	Pinus_sylvestris	11.250889
14	44	15.105	3.748	279	19.334	Pinus_sylvestris	10.8780195
14	45	24.831	2.454	237	15.432	Pinus_sylvestris	8.7454395
15	1	11.797	1.103	277	11.841	Betula_pubescens	30.869485
15	2	10.047	8.101	272	15.661	Picea_abies	10.6537565
15	5	11.583	14.318	228	14.803	Picea_abies	6.0341155
15	6	18.503	11.426	188	13.551	Picea_abies	5.004374
15	7	17.616	13.259	432	19.327	Picea_abies	17.3147605
15	8	22.972	16.088	244	15.358	Picea_abies	9.425261
15	9	26.732	13.269	194	13.48	Picea_abies	4.019098
15	10	27.704	13.667	227	15.187	Picea_abies	2.237047
15	11	30.778	18.027	146	11.307	Picea_abies	3.553888
15	12	32.931	17.759	285	14.796	Picea_abies	8.827692
15	13	10.408	25.274	120	8.283	Picea_abies	4.0583395
15	14	18.825	14.006	131	11.175	Picea_abies	1.867687
15	15	15.563	18.74	157	11.216	Picea_abies	4.238298
15	16	19.116	19.012	330	20.815	Picea_abies	11.7588755
15	17	19.537	24.372	231	15.586	Picea_abies	5.2159545
15	18	24.941	26.415	295	17.353	Picea_abies	7.8195085
15	19	24.171	30.432	123	7.791	Picea_abies	2.782701
15	20	16.944	14.942	162	7.357	Picea_abies	7.1463085
15	21	14.873	18.577	277	18.1	Picea_abies	4.2019615
15	22	5.34	18.592	102	6.838	Picea_abies	3.3498505
15	23	3.701	14.52	210	9.846	Picea_abies	14.2249475
15	24	3.693	12.481	110	8.519	Picea_abies	4.102641
15	26	3.446	25.414	162	10.139	Picea_abies	3.1290805
15	27	3.28	26.109	230	14.724	Picea_abies	4.378964
15	28	7.787	29.19	222	12.03	Betula_pubescens	16.073231
15	29	7.443	29.96	215	11.918	Betula_pubescens	12.895534
15	30	7.131	31.729	157	13.804	Picea_abies	3.8330715
15	31	11.807	32.389	153	10.247	Betula_pubescens	6.5430425
15	32	18.446	27.81	159	8.215	Picea_abies	5.234483
15	33	2.851	31.355	274	12.118	Picea_abies	12.382734
15	34	-0.14	26.838	248	14.637	Picea_abies	4.681986
16	1	5.97	3.725	202	14.383	Picea_abies	3.207692
16	2	4.845	4.749	102	5.431	Picea_abies	1.8540405
16	3	4.293	5.227	296	17.724	Picea_abies	6.3112055
16	5	4.012	6.501	237	15.49	Picea_abies	4.3045725
16	6	1.75	7.681	199	15.248	Picea_abies	3.530694
16	7	5.35	7.732	218	12.759	Picea_abies	2.3368285
16	8	0.233	9.565	208	13.547	Picea_abies	4.906796
16	9	2.731	10.143	326	14.139	Picea_abies	7.014034
16	10	-1.892	18.679	448	21.437	Picea_abies	12.558249
16	11	-0.097	24.326	115	8.886	Picea_abies	2.3689905
16	12	7.814	19.64	229	16.023	Picea_abies	6.410512
16	13	9.307	18.279	176	13.073	Picea_abies	2.7618895
16	14	10.268	17.356	220	15.3	Picea_abies	2.6069055
16	15	11.948	18.574	353	23.579	Picea_abies	10.0566345
16	16	14.324	24.132	248	17.762	Picea_abies	7.0852725
16	17	14.076	30.423	175	14.133	Picea_abies	2.488865
16	18	12.883	30.853	174	12.938	Picea_abies	2.444037
16	19	21.48	32.214	195	10.729	Picea_abies	9.3511415
16	20	8.384	30.094	269	16.345	Picea_abies	10.6057965
16	21	8.855	31.851	203	15.886	Picea_abies	3.996363
16	22	6.891	29.862	221	17.184	Picea_abies	6.856781
16	23	4.097	25.669	146	9.971	Picea_abies	4.6914405
16	24	25.219	27.224	320	21.854	Picea_abies	9.856514
16	25	27.896	27.585	229	15.517	Picea_abies	7.406722
16	26	30.194	20.753	404	19.153	Picea_abies	13.4191715
16	27	29.002	14.641	240	17.458	Picea_abies	5.6830695
16	28	31.194	12.938	188	12.848	Picea_abies	6.470555
16	29	27.773	10.296	277	17.19	Picea_abies	2.3358285
16	30	25.489	11.6	250	14.154	Picea_abies	7.334063
16	31	22.227	4.975	350	17.72	Picea_abies	21.079235
16	32	23.802	1.113	313	15.301	Picea_abies	4.7604465
16	33	18.112	7.308	330	20.279	Picea_abies	4.975045
16	34	14.351	0.504	273	17.757	Picea_abies	4.99876
16	35	24.026	-1.079	350	16.528	Picea_abies	4.849752
16	36	29.99	2.918	166	12.505	Picea_abies	3.178326
16	37	30.148	2.344	233	13.676	Picea_abies	7.332483
16	38	31.13	7.487	311	17.679	Picea_abies	5.2689215
17	1	1.187	0.607	176	9.601	Picea_abies	5.9741845
17	2	2.058	-0.811	189	12.436	Betula_pubescens	9.7674025
17	3	1.894	3.787	168	13.12	Picea_abies	2.8240845
17	4	0.301	5.875	230	12.974	Picea_abies	8.5938345
17	5	3.779	10.715	218	14.905	Picea_abies	5.171387
17	6	-0.475	13.232	282	14.773	Picea_abies	14.375892
17	7	7.673	14.678	124	8.572	Picea_abies	5.360255
17	8	7.676	20.021	393	19.963	Picea_abies	11.2903315
17	9	5.331	19.298	309	18.747	Picea_abies	7.6250815
17	10	7.661	10.893	134	10.163	Picea_abies	3.133272
17	11	6.28	10.554	247	16.377	Picea_abies	6.853463
17	12	11.905	10.574	283	15.027	Picea_abies	8.035504
17	13	15.121	12.492	144	10.586	Picea_abies	2.8245005
17	14	15.395	12.392	105	6.424	Picea_abies	2.6645335
17	15	15.364	10.335	116	10.998	Betula_pubescens	13.345868
17	16	14.594	10.059	151	10.103	Betula_pubescens	8.965915
17	17	19.317	14.21	106	8.568	Picea_abies	3.727104
17	18	21.506	14.531	131	11.185	Picea_abies	2.478492
17	19	21.267	17.38	207	13.631	Picea_abies	4.005462
17	20	26.182	18.12	154	13.206	Picea_abies	2.4100965
17	21	25.956	18.426	178	13.303	Picea_abies	2.725184
17	22	24.604	19.812	249	16.137	Picea_abies	6.0410365
17	23	17.993	21.043	140	10.477	Picea_abies	2.2856105
17	24	15.03	21.138	155	10.852	Picea_abies	3.615771
17	25	13.542	25.688	120	11.419	Betula_pubescens	5.104823
17	26	13.875	25.656	106	7.297	Picea_abies	3.3672915
17	27	16.624	26.528	110	6.23	Picea_abies	4.3650175
17	28	16.027	28.783	174	12.94	Picea_abies	3.769614
17	29	13.035	30.184	124	10.899	Betula_pubescens	9.115703
17	30	10.899	27.849	300	13.502	Picea_abies	6.9596895
17	31	7.22	25.365	264	15.174	Picea_abies	9.288282
17	32	6.212	29.721	144	10.521	Picea_abies	4.768093
17	33	-0.977	24.785	344	16.58	Picea_abies	10.27946
17	34	23.591	16.516	225	14.999	Picea_abies	7.1236455
17	35	31.12	20.239	113	7.62	Picea_abies	4.457235
17	36	27.492	23.505	175	11.544	Picea_abies	9.326422
17	37	21.899	26.455	178	11.768	Picea_abies	2.770276
17	38	19.594	23.999	126	8.819	Picea_abies	4.5100555
17	39	25.071	29.356	130	10.059	Picea_abies	2.246724
17	40	27.351	29.967	270	16.758	Picea_abies	7.6051665
17	41	29.14	27.92	109	9.47	Picea_abies	2.039831
17	42	32.354	27.641	263	13.057	Picea_abies	6.6798805
17	43	28.379	13.136	135	9.832	Picea_abies	1.1170345
17	44	29.363	11.191	223	14.935	Picea_abies	5.6627885
17	45	25.135	1.251	350	17.886	Picea_abies	10.819866
17	46	31.421	6.917	210	14.157	Picea_abies	4.275397
17	47	31.159	5.28	162	13.163	Picea_abies	4.1125455
17	48	31.327	4.937	124	9.41	Picea_abies	4.522453
17	49	31.113	0.166	107	8.633	Picea_abies	3.613447
17	50	25.811	13.306	110	7.381	Picea_abies	2.6763555
17	51	25.526	12.555	148	11.472	Picea_abies	2.0295475
17	52	24.562	11.439	184	12.965	Picea_abies	4.4769005
17	53	21.68	7.915	133	12.319	Picea_abies	2.7874235
17	54	20.956	7.71	182	10.438	Picea_abies	3.427023
17	55	21.247	7.292	132	10.841	Picea_abies	3.1617145
17	56	24.895	5.307	153	9.802	Picea_abies	5.588066
17	57	20.694	3.858	173	12.508	Picea_abies	6.5634505
17	58	16.148	1.574	208	13.331	Picea_abies	6.7216185
17	59	14.208	1.712	182	12.788	Picea_abies	4.5807075
17	60	12.55	1.715	138	6.313	Betula_pubescens	3.2889695
17	61	11.523	6.717	141	10.236	Picea_abies	3.188406
17	62	9.581	4.671	271	17.824	Picea_abies	8.3717405
17	63	9.626	4.291	158	13.561	Picea_abies	4.7788385
18	1	1.578	2.939	152	4.451	Betula_pubescens	9.7729935
18	2	-1.611	5.289	478	19.045	Pinus_sylvestris	49.433403
18	3	-3.684	10.456	473	17.567	Pinus_sylvestris	39.724613
18	4	1.79	16.346	208	14.24	Betula_pubescens	19.7612875
18	5	5.785	16.41	280	11.806	Pinus_sylvestris	14.5048375
18	6	3.852	22.188	459	18.086	Pinus_sylvestris	50.021312
18	7	3.086	27.64	244	15.722	Betula_pubescens	17.5903675
18	8	0.893	29.754	195	16.353	Pinus_sylvestris	2.045335
18	9	7.464	29.521	200	15.072	Pinus_sylvestris	3.0171735
18	10	8.114	29.08	182	14.318	Pinus_sylvestris	7.7731645
18	11	10.047	30.131	124	14.13	Pinus_sylvestris	1.530217
18	12	11.589	29.107	199	16.026	Pinus_sylvestris	7.3685805
18	13	16.746	31.402	396	15.821	Pinus_sylvestris	38.867374
18	14	12.441	25.485	179	13.534	Pinus_sylvestris	2.0445145
18	15	12.514	21.806	284	12.069	Pinus_sylvestris	10.0349915
18	16	12.731	20.898	141	9.572	Pinus_sylvestris	4.2681325
18	17	16.534	24.375	207	17.773	Pinus_sylvestris	2.848407
18	18	16.865	24.113	251	20.141	Pinus_sylvestris	4.398657
18	19	21.268	29.219	240	21.611	Pinus_sylvestris	10.6676755
18	20	23.869	22.619	208	12.722	Pinus_sylvestris	10.644895
18	21	21.126	18.685	327	17.207	Pinus_sylvestris	19.7507815
18	22	24.072	17.362	340	21.385	Pinus_sylvestris	16.1533035
18	23	32.896	14.025	262	14.928	Picea_abies	15.8639215
18	24	34.08	29.615	520	14.648	Pinus_sylvestris	67.822429
18	25	23.321	8.465	219	13.914	Betula_pubescens	17.8455535
18	26	22.437	7.208	213	12.371	Pinus_sylvestris	11.6909105
18	27	21.797	7.437	142	12.405	Pinus_sylvestris	2.3099905
18	28	20.265	8.097	165	14.497	Pinus_sylvestris	4.006002
18	29	29.842	3.844	318	17.004	Pinus_sylvestris	15.815675
18	30	24.088	-1.731	520	14.446	Pinus_sylvestris	43.578432
18	31	17.916	0.87	495	18.462	Pinus_sylvestris	42.8464865
18	32	7.534	9.165	209	17.042	Pinus_sylvestris	6.863731
18	33	9.404	11.042	208	14.555	Pinus_sylvestris	16.00487
18	34	5.735	-2.555	277	16.624	Pinus_sylvestris	28.250004
19	1	5.406	1.975	130	8.202	Picea_abies	4.8261
19	2	7.176	6.539	416	19.819	Picea_abies	8.659157
19	3	6.144	11.354	140	8.837	Picea_abies	5.295299
19	4	4.724	11.267	374	20.641	Picea_abies	5.866581
19	5	2.78	19.778	264	16.747	Picea_abies	4.2855725
19	6	-1.3	13.647	337	17.763	Picea_abies	13.7304645
19	7	2.528	22.715	350	14.329	Picea_abies	8.1153755
19	8	7.921	4.017	198	13.953	Picea_abies	5.889764
19	9	11.29	5.846	201	13.089	Picea_abies	6.460706
19	10	10.837	7.657	229	18.792	Picea_abies	3.605055
19	11	7.617	14.353	196	7.912	Betula_pubescens	10.8887095
19	12	15.638	8.8	365	22.718	Picea_abies	8.068126
19	13	17.929	0.013	452	18.541	Picea_abies	11.6929815
19	14	22.324	5.633	265	15.3	Picea_abies	3.377112
19	15	22.743	6.726	206	15.807	Picea_abies	3.022083
19	16	17.972	13.845	220	13.679	Picea_abies	6.0273145
19	17	18.467	17.682	262	15.432	Picea_abies	6.0156955
19	18	21.456	16.791	232	13.18	Betula_pubescens	16.2933965
19	19	30.093	14.774	197	13.614	Picea_abies	6.0143255
19	20	31.38	26.506	171	12.897	Picea_abies	5.5053985
19	21	22.673	23.781	278	17.238	Picea_abies	5.826202
19	22	16.443	20.726	250	12.58	Picea_abies	6.0217975
19	23	16.349	22.965	154	11.086	Picea_abies	3.028512
19	24	15.126	22.829	148	9.642	Picea_abies	5.5866555
19	25	11.042	20.519	364	16.866	Picea_abies	7.081032
19	26	3.398	27.939	265	15.186	Picea_abies	3.3112045
19	27	6.3	31.813	257	15.508	Picea_abies	3.852424
19	28	21.181	31.342	442	16.492	Picea_abies	9.304877
19	29	25.965	27.793	389	19.813	Picea_abies	10.913823
19	30	31.029	27.457	113	7.346	Betula_pubescens	8.5210355
19	31	29.483	0.645	135	9.168	Picea_abies	6.6072035
19	32	29.721	0.802	125	9.414	Picea_abies	4.136456
19	33	30.662	0.983	129	7.271	Picea_abies	7.2456865
19	34	32.671	1.87	164	10.999	Betula_pubescens	10.1576155
20	1	6.237	17.268	100	6.315	Pinus_sylvestris	2.109349
20	2	7.019	23.456	268	13.565	Picea_abies	15.486889
20	3	17.139	26.861	366	16.546	Pinus_sylvestris	15.75325
20	4	20.462	33.418	410	20.158	Pinus_sylvestris	28.0187795
20	5	23.468	28.027	150	10.011	Pinus_sylvestris	2.392703
20	6	22.608	6.89	290	17.494	Pinus_sylvestris	12.2673095
20	7	25.518	5.985	260	16.351	Pinus_sylvestris	16.185679
20	8	6.532	3.895	470	18.229	Pinus_sylvestris	28.5052505
21	1	-1.478	25.626	277	16.135	Picea_abies	10.69658
21	2	0.736	26.009	238	11.99	Pinus_sylvestris	17.280987
21	3	3.711	29.968	294	17.013	Pinus_sylvestris	15.1045955
21	4	9.071	19.786	353	12.725	Pinus_sylvestris	47.22296
21	5	11.433	20.592	305	16.152	Pinus_sylvestris	20.535458
21	6	13.126	22.883	361	17.196	Pinus_sylvestris	27.843258
21	7	17.012	27.794	274	14.627	Pinus_sylvestris	21.0978035
21	8	22.734	30.679	368	14.854	Pinus_sylvestris	18.4948045
21	9	17.744	20.283	437	17.881	Pinus_sylvestris	29.0364115
21	10	30.337	18.186	250	15.229	Pinus_sylvestris	11.8684255
21	11	29.235	15.01	127	8.391	Betula_pubescens	10.4716205
21	12	19.828	11.24	153	9.717	Pinus_sylvestris	5.2030345
21	13	24.399	5.203	124	8.305	Pinus_sylvestris	2.7267705
21	14	19.743	2.162	308	15.031	Pinus_sylvestris	20.1312585
21	15	18.932	1.985	256	15.53	Pinus_sylvestris	11.008732
21	16	13.249	7.956	354	16.394	Pinus_sylvestris	33.9075665
21	17	3.115	1.986	299	13.247	Pinus_sylvestris	23.6897325
21	18	-0.533	-0.777	292	13.731	Pinus_sylvestris	17.7759825
22	1	3.699	9.155	407	14.313	Pinus_sylvestris	23.7985065
22	2	5.384	2.829	344	14.917	Pinus_sylvestris	18.879454
22	3	8.987	0.991	443	12.823	Pinus_sylvestris	30.128947
22	4	18.825	1.75	353	15.647	Pinus_sylvestris	16.285306
22	5	20.422	0.378	471	14.637	Pinus_sylvestris	40.285641
22	6	22.294	-0.673	349	14.058	Pinus_sylvestris	12.500064
22	7	27.278	6.958	223	13.346	Pinus_sylvestris	6.5678745
22	8	33.462	16.299	180	8.114	Betula_pubescens	21.401296
22	9	30.5	18.009	120	9.055	Pinus_sylvestris	1.5929335
22	10	22.537	14.843	171	9.601	Pinus_sylvestris	2.589497
22	11	21.542	17.11	380	15.945	Pinus_sylvestris	33.807946
22	12	12.587	13.906	132	6.182	Betula_pubescens	7.737537
22	13	13.273	21.943	550	14.576	Pinus_sylvestris	49.692873
22	14	3.278	26.347	100	7.191	Betula_pubescens	6.255329
22	15	2.522	32.223	388	16.822	Pinus_sylvestris	19.128713
22	16	6.92	34.113	350	9.534	Pinus_sylvestris	15.3719025
22	17	11.868	33.624	377	12.691	Pinus_sylvestris	34.787929
22	18	17.098	34.638	267	11.717	Pinus_sylvestris	19.6371705
22	19	19.431	34.588	340	17.27	Pinus_sylvestris	22.8135255
22	20	20.179	32.059	183	9.528	Pinus_sylvestris	6.1178325
22	21	27.203	31.469	111	6.692	Betula_pubescens	6.907272
22	22	32.126	29.795	194	10.942	Pinus_sylvestris	7.585184
23	1	3.663	7.527	123	9.883	Pinus_sylvestris	1.272599
23	2	6.464	8.745	148	10.727	Pinus_sylvestris	2.494389
23	3	3.357	12.4	312	17.826	Pinus_sylvestris	19.7833635
23	4	1.616	15.173	198	11.854	Pinus_sylvestris	6.019805
23	5	1.408	23.419	483	20.046	Pinus_sylvestris	24.8266905
23	6	9.323	17.057	197	13.305	Pinus_sylvestris	5.753757
23	7	6.048	4.247	120	6.299	Betula_pubescens	7.617922
23	8	3.207	-0.545	325	14.557	Pinus_sylvestris	25.3964645
23	9	10.872	1.045	125	9.994	Pinus_sylvestris	2.567288
23	10	9.488	2.362	116	8.416	Pinus_sylvestris	2.1775245
23	11	14.507	6.568	229	15.664	Pinus_sylvestris	6.410695
23	12	16.1	7.014	302	16.745	Pinus_sylvestris	16.7528075
23	13	19.853	6.275	143	12.031	Pinus_sylvestris	3.0403135
23	14	17.14	1.205	125	10.086	Pinus_sylvestris	2.755466
23	15	16.867	0.327	121	8.687	Pinus_sylvestris	2.231079
23	16	21.466	1.016	100	8.553	Pinus_sylvestris	1.5296835
23	17	23.546	1.585	118	9.514	Pinus_sylvestris	2.0728595
23	18	20.544	3.783	118	10.883	Pinus_sylvestris	1.9116905
23	19	19.898	3.871	104	9.17	Pinus_sylvestris	0.92622
23	20	23.45	7.799	310	17.945	Pinus_sylvestris	19.786307
23	21	15.722	9.899	105	9.582	Pinus_sylvestris	1.4416925
23	22	18.304	11.264	125	12.204	Pinus_sylvestris	1.6675685
23	23	14.079	11.71	114	10.223	Pinus_sylvestris	1.459888
23	24	15.426	12.945	134	10.802	Pinus_sylvestris	2.6073345
23	25	13.548	18.155	235	12.767	Pinus_sylvestris	9.4835825
23	26	10.35	18.617	205	14.131	Pinus_sylvestris	6.1268925
23	27	14.997	19.726	148	9.251	Pinus_sylvestris	3.98238
23	28	13.126	24.079	150	11.82	Pinus_sylvestris	5.514224
23	29	10.128	23.516	123	9.231	Pinus_sylvestris	2.954326
23	30	11.253	27.468	130	9.886	Pinus_sylvestris	2.2336405
23	31	21.425	12.15	111	10.001	Pinus_sylvestris	2.878396
23	32	20.305	14.998	185	13.455	Pinus_sylvestris	2.3948735
23	33	20.687	16.086	124	8.518	Pinus_sylvestris	3.182047
23	34	26.075	14.269	105	7.199	Pinus_sylvestris	1.730513
23	35	32.751	10.44	378	17.958	Pinus_sylvestris	17.2395495
23	36	29.685	15.527	185	10.392	Pinus_sylvestris	4.631169
23	37	30.635	16.842	150	10.959	Pinus_sylvestris	2.1187915
23	38	29.553	17.467	132	11.008	Pinus_sylvestris	1.7173085
23	39	26.204	20.666	140	12.089	Pinus_sylvestris	1.6754505
23	40	25.799	22.971	139	10.587	Pinus_sylvestris	4.601265
23	41	27.421	26.493	125	10.574	Pinus_sylvestris	2.366846
23	42	27.635	30.416	144	11.03	Pinus_sylvestris	2.922181
23	43	30.147	31.174	357	16.389	Pinus_sylvestris	33.179693
23	44	23.96	27.75	174	14.98	Pinus_sylvestris	5.03597
23	45	20.938	27.951	175	11.864	Pinus_sylvestris	4.8734765
23	46	22.848	25.259	112	8.549	Pinus_sylvestris	2.995562
23	47	20.741	24.428	186	12.225	Pinus_sylvestris	3.6439385
23	48	18.236	23.591	150	9.946	Pinus_sylvestris	2.6858555
23	49	16.096	26.951	254	17.671	Pinus_sylvestris	7.1069225
23	50	15.099	28.714	304	14.552	Pinus_sylvestris	19.0846605
23	51	8.585	11.288	118	10.067	Pinus_sylvestris	1.470178
23	52	9.437	9.133	117	9.334	Pinus_sylvestris	1.3516305
23	53	10.621	11.886	116	10.108	Pinus_sylvestris	1.9330385
23	54	6.827	27.902	118	8.758	Pinus_sylvestris	2.443741
23	55	5.326	27.119	122	11.555	Pinus_sylvestris	1.720106
23	56	4.424	27.498	125	9.043	Pinus_sylvestris	2.5405585
23	57	6.821	32.119	125	9.09	Pinus_sylvestris	1.628437
23	58	32.53	21.684	347	15.988	Pinus_sylvestris	19.5149135
24	1	-4.163	14.301	409	15.904	Pinus_sylvestris	40.4750905
24	2	4.168	19.935	412	18.362	Pinus_sylvestris	33.6108705
24	3	9.53	31.037	420	18.093	Pinus_sylvestris	24.377305
24	4	13.096	24.815	131	10.479	Pinus_sylvestris	3.419095
24	5	14.187	26.607	147	10.358	Pinus_sylvestris	3.514001
24	6	15.255	25.68	110	9.378	Pinus_sylvestris	1.2642935
24	7	17.877	26.114	144	11.948	Pinus_sylvestris	2.4956685
24	8	22.299	26.114	116	10.254	Pinus_sylvestris	0.758249
24	9	33.35	22.184	432	18.779	Pinus_sylvestris	55.1657595
24	10	24.967	18.436	398	16.404	Pinus_sylvestris	38.4797155
24	11	16.309	20.295	146	8.732	Pinus_sylvestris	5.424337
24	12	19.255	13.814	109	7.249	Pinus_sylvestris	1.7418525
24	13	6.015	12.187	161	11.805	Pinus_sylvestris	2.685799
24	14	4.732	10.42	103	5.058	Pinus_sylvestris	3.3829015
24	15	9.765	10.749	286	16.852	Pinus_sylvestris	12.6653855
24	16	21.904	7.893	365	13.758	Pinus_sylvestris	29.385132
24	17	22.919	2.28	414	13.539	Pinus_sylvestris	14.917394
24	18	22.233	1.546	175	8.928	Pinus_sylvestris	9.0134875
24	19	13.61	-1.01	320	16.729	Pinus_sylvestris	17.6309575
24	20	28.047	8.246	123	11.337	Pinus_sylvestris	2.222727
24	21	31.141	6.531	115	8.02	Pinus_sylvestris	2.407326
24	22	30.127	4.218	140	9.293	Pinus_sylvestris	2.4817445
25	1	1.431	2.176	407	14.446	Pinus_sylvestris	32.0483645
25	2	-0.866	7.938	369	15.349	Pinus_sylvestris	17.724318
25	3	-1.052	19.169	165	11.221	Pinus_sylvestris	2.5112105
25	4	1.976	24.482	340	19.28	Pinus_sylvestris	13.614497
25	5	10.807	25.452	430	15.385	Pinus_sylvestris	36.8073115
25	6	9.099	17.328	346	17.394	Pinus_sylvestris	37.771621
25	7	11.855	8.167	385	16.512	Pinus_sylvestris	31.685366
25	8	15.789	13.287	101	11.081	Pinus_sylvestris	0.80554
25	9	15.292	15.423	115	9.854	Pinus_sylvestris	1.7700985
25	10	18.001	14.811	107	7.322	Pinus_sylvestris	1.050686
25	11	20.218	18.149	102	9.371	Pinus_sylvestris	0.9625565
25	12	19.194	21.642	114	7.103	Salix_caprea	1.8268085
25	13	20.521	22.22	139	11.329	Pinus_sylvestris	1.9714705
25	14	18.713	29.893	102	7.916	Pinus_sylvestris	1.346412
25	15	16.055	31.588	122	7.391	Pinus_sylvestris	2.447015
25	16	25.949	30.054	241	11.313	Pinus_sylvestris	15.735252
25	17	31.034	27.315	273	14.803	Pinus_sylvestris	12.643998
25	18	25.646	24.53	280	15.713	Pinus_sylvestris	14.340314
25	19	26.234	23.797	216	13.066	Pinus_sylvestris	7.325406
25	20	20.445	11.656	125	9.92	Pinus_sylvestris	2.536468
25	21	18.484	8.128	116	9.399	Pinus_sylvestris	1.5756835
25	22	19.225	8.234	111	8.903	Pinus_sylvestris	0.9166955
25	23	19.761	6.524	122	10.073	Pinus_sylvestris	2.1516605
25	24	21.84	4.063	100	8.982	Pinus_sylvestris	1.388322
25	25	21.025	2.429	115	9.216	Pinus_sylvestris	1.357869
25	26	23.751	3.074	158	12.692	Pinus_sylvestris	6.8666495
25	27	24.946	3.139	115	10.361	Pinus_sylvestris	0.821091
25	28	25.054	0.948	114	10.654	Pinus_sylvestris	2.0058615
25	29	26.374	1.034	119	11.315	Pinus_sylvestris	1.8033405
25	30	26.562	6.432	113	8.809	Pinus_sylvestris	0.813522
25	31	24.178	7.466	115	9.968	Pinus_sylvestris	0.7666415
25	32	22.374	7.317	107	9.253	Pinus_sylvestris	0.900072
25	33	26.992	32.805	211	8.623	Betula_pubescens	7.3893585
25	34	29.073	15.037	138	9.425	Pinus_sylvestris	1.909077
25	35	27.407	15.211	132	7.026	Pinus_sylvestris	0.3823825
25	36	24.527	13.471	119	9.416	Pinus_sylvestris	4.2878535
25	37	24.229	13.297	107	10.141	Pinus_sylvestris	1.931509
25	38	27.564	12.014	127	9.096	Pinus_sylvestris	3.4625715
25	39	27.753	9.896	103	9.964	Pinus_sylvestris	1.3296535
25	40	27.28	7.397	113	9.313	Pinus_sylvestris	1.37434
25	41	30.284	5.683	121	9.272	Pinus_sylvestris	3.7957355
25	42	31.165	7.386	114	9.111	Pinus_sylvestris	1.023548
25	43	31.444	9.944	124	11.877	Pinus_sylvestris	1.529896
25	44	29.605	13.007	132	10.395	Pinus_sylvestris	1.118659
25	45	24.915	33.395	185	10.641	Betula_pubescens	23.929403
26	1	3.576	4.241	390	18.233	Pinus_sylvestris	15.149997
26	2	2.83	8.499	201	16.62	Picea_abies	3.850755
26	3	7.614	7.676	155	12.155	Picea_abies	4.9617785
26	4	1.067	13.131	357	20.812	Pinus_sylvestris	32.5607795
26	5	10.42	8.271	122	10.025	Betula_pubescens	6.1426465
26	6	10.279	10.368	252	18.036	Picea_abies	5.379558
26	7	11.596	11.116	260	5.492	Salix_caprea	0.679758
26	8	7.862	17.652	163	7.368	Betula_pubescens	6.8776535
26	9	11.514	17.451	292	17.67	Picea_abies	7.7547065
26	10	14.088	20.267	258	18.164	Picea_abies	3.7312105
26	11	18.201	18.545	200	16.036	Picea_abies	4.602784
26	12	17.538	3.785	104	7.044	Betula_pubescens	9.288368
26	13	20.11	9.616	326	21.339	Picea_abies	7.562652
26	14	20.983	10.87	284	18.571	Picea_abies	6.3223575
26	15	23.018	8.082	339	16.427	Picea_abies	17.651127
26	16	22.082	1.835	124	11.78	Betula_pubescens	6.82286
26	17	28.507	1.742	340	17.678	Picea_abies	11.373659
26	18	30.961	3.877	115	8.944	Betula_pubescens	11.1115395
26	19	31.313	8.055	324	19.731	Pinus_sylvestris	23.079848
26	20	23.082	16.737	433	19.782	Picea_abies	21.663595
26	21	23.931	20.464	399	22.944	Picea_abies	13.9483215
26	22	21.885	28.285	226	10.967	Salix_caprea	3.9212255
26	23	25.77	30.002	405	17.854	Picea_abies	15.3429515
26	24	34.45	20.97	471	16.86	Pinus_sylvestris	45.614093
26	25	31.55	25.346	140	11.4	Picea_abies	7.6547735
26	26	20.281	30.564	234	14.616	Picea_abies	4.6499045
26	27	15.142	30.318	203	15.148	Betula_pubescens	9.651939
26	28	18.95	26.389	191	13.856	Picea_abies	6.8215015
26	29	17.154	23.379	324	17.771	Picea_abies	7.297362
26	30	17.716	21.31	348	20.864	Picea_abies	5.2986725
26	31	14.213	21.85	173	13.029	Picea_abies	6.7392635
26	32	13.674	26.704	254	16.28	Betula_pubescens	8.599292
26	33	14.067	26.923	175	12.534	Picea_abies	7.9927405
26	34	12.516	32.665	106	5.992	Picea_abies	6.4157425
26	35	9.253	33.55	124	8.666	Betula_pubescens	7.0983605
26	36	7.696	35.135	129	9.854	Betula_pubescens	14.500939
26	37	7.125	21.046	276	17.934	Picea_abies	6.22101
26	38	6.839	20.419	173	10.51	Picea_abies	4.348886
26	39	5.112	21.817	303	17.773	Picea_abies	9.6099805
26	40	2.418	17.872	106	8.447	Picea_abies	4.820848
26	41	1.686	16.558	319	19.795	Pinus_sylvestris	25.7380675
26	42	-1.257	11.702	104	6.959	Betula_pubescens	7.87606
27	1	0.55	-0.729	134	9.825	Pinus_sylvestris	4.53534
27	2	0.124	-0.77	206	16.761	Pinus_sylvestris	2.48876
27	3	1.391	7.792	200	11.969	Betula_pubescens	15.576225
27	4	5.653	8.384	163	7.416	Pinus_sylvestris	9.2686485
27	5	6.781	1.04	502	15.953	Pinus_sylvestris	38.1090155
27	6	11.854	5.674	140	11.227	Pinus_sylvestris	3.6990805
27	7	11.522	8.742	338	17.314	Pinus_sylvestris	9.4197725
27	8	14.371	-4.476	460	20.487	Pinus_sylvestris	34.5522735
27	9	19.656	-2.38	294	14.924	Pinus_sylvestris	18.5893765
27	10	32.821	1.524	208	12.334	Picea_abies	12.5327585
27	11	30.844	10.367	163	8.607	Betula_pubescens	10.101637
27	12	22.676	6.954	361	21.552	Picea_abies	12.932737
27	13	17.864	6.156	269	17.031	Pinus_sylvestris	11.703127
27	14	17.006	3.252	207	18.958	Picea_abies	3.6259815
27	15	18.174	9.487	279	18.747	Pinus_sylvestris	13.5392
27	16	16.303	10.406	214	17.737	Pinus_sylvestris	3.406152
27	17	13.966	14.894	188	12.823	Pinus_sylvestris	7.189773
27	18	14.338	15.96	431	16.889	Pinus_sylvestris	11.753618
27	19	10.065	22.655	497	20.978	Pinus_sylvestris	27.021339
27	20	11.338	23.996	180	15.661	Pinus_sylvestris	3.763912
27	21	13.207	27.613	360	15.103	Pinus_sylvestris	32.9691215
27	22	14.87	32.08	280	20.461	Pinus_sylvestris	10.288699
27	23	24.014	12.847	252	14.975	Pinus_sylvestris	13.2828465
27	24	30.56	16.682	417	18.723	Pinus_sylvestris	27.2832255
27	25	23.059	15.909	198	14.619	Pinus_sylvestris	10.2689655
27	26	23.197	25.352	393	18.183	Pinus_sylvestris	23.5581505
27	27	27.312	28.068	148	12.329	Pinus_sylvestris	2.9296975
27	28	26.64	31.445	239	16.36	Betula_pubescens	29.549293
27	29	8.016	16.463	270	17.36	Pinus_sylvestris	10.6513315
27	30	5.069	19.696	233	15.482	Betula_pubescens	21.7628785
27	31	3.648	18.628	110	10.73	Pinus_sylvestris	0.5489175
27	32	1.98	18.677	221	16.561	Picea_abies	6.801811
27	33	4.377	14.787	456	16.182	Pinus_sylvestris	12.539878
27	34	3.401	14.446	193	15.301	Pinus_sylvestris	4.7239555
27	35	-0.068	13.04	190	12.251	Betula_pubescens	12.673516
27	36	10.714	32.985	163	9.851	Picea_abies	8.465724
28	1	4.428	24.488	371	20.897	Pinus_sylvestris	10.9217995
28	2	3.937	24.692	348	21.19	Pinus_sylvestris	12.901267
28	3	9.83	22.608	145	8.663	Salix_caprea	4.396582
28	4	15.624	26.9	156	10.659	Betula_pubescens	9.9634355
28	5	15.147	27.303	107	8.347	Betula_pubescens	7.1846475
28	6	14.631	29.383	188	11.236	Betula_pubescens	11.3269015
28	7	12.553	32.62	112	9.49	Betula_pubescens	8.803885
28	8	16.164	32.784	100	9.081	Betula_pubescens	7.525204
28	9	27.482	26.473	118	8.746	Betula_pubescens	10.6205175
28	10	26.383	8.245	187	8.241	Betula_pubescens	4.2632425
28	11	26.657	7.446	130	8.324	Betula_pubescens	5.749804
28	12	29.882	0.782	249	15.714	Pinus_sylvestris	12.767499
28	13	19.968	3.212	241	17.832	Betula_pubescens	13.8848015
28	14	18	2.066	294	20.76	Pinus_sylvestris	10.424339
28	15	18.165	1.659	148	12.116	Pinus_sylvestris	2.4918475
28	16	18.075	-0.877	374	22.09	Pinus_sylvestris	15.043196
28	17	10.889	4.854	253	20.622	Pinus_sylvestris	4.3661315
28	18	9.025	4.359	328	21.375	Pinus_sylvestris	18.128095
28	19	6.358	7.864	352	21.734	Pinus_sylvestris	21.244815
28	20	4.987	7.396	390	21.467	Pinus_sylvestris	33.28589
28	21	2.618	3.422	186	13.765	Betula_pubescens	12.101058
28	22	6.907	0.179	375	21.031	Pinus_sylvestris	17.6343175
28	23	14.201	19.311	150	10.546	Picea_abies	5.260223
28	24	23.979	19.198	139	10.464	Picea_abies	4.6391955
28	25	27.117	16.021	356	20.928	Picea_abies	7.4663775
28	26	28.304	17.525	250	15.028	Betula_pubescens	16.212838
28	27	22.47	14.581	398	20.519	Pinus_sylvestris	18.3904575
28	28	30.78	23.893	334	18.678	Pinus_sylvestris	31.342064
28	29	21.086	1.807	268	18.913	Pinus_sylvestris	11.422303
29	1	14.126	8.695	270	14.447	Pinus_sylvestris	10.5196815
29	2	17.05	7.321	244	13.34	Pinus_sylvestris	13.9739175
29	3	12.605	3.17	152	16.735	Pinus_sylvestris	1.9530535
29	4	18.542	1.493	309	17.35	Pinus_sylvestris	14.305017
29	5	14.143	0.398	215	13.879	Pinus_sylvestris	9.6854825
29	6	11.429	1.495	254	16.896	Pinus_sylvestris	10.50452
29	7	9.27	3.994	245	17.243	Pinus_sylvestris	7.002625
29	8	6.689	-0.172	140	9.493	Picea_abies	3.9848235
29	9	4.829	0.281	189	12.524	Betula_pubescens	12.440429
29	10	5.189	3.687	257	18.51	Pinus_sylvestris	7.0325425
29	11	6.605	8.211	370	18.662	Pinus_sylvestris	20.604767
29	12	1.286	4.322	179	17.741	Pinus_sylvestris	5.4433755
29	13	-0.876	4.747	319	19.271	Pinus_sylvestris	11.6806565
29	14	0.937	11.733	269	18.006	Pinus_sylvestris	5.3447275
29	15	2.627	17.253	264	21.773	Pinus_sylvestris	8.0955205
29	16	0.172	16.002	229	20.417	Pinus_sylvestris	3.133267
29	17	-0.36	13.963	250	15.659	Pinus_sylvestris	6.5660875
29	18	0.495	20.612	253	20.358	Pinus_sylvestris	9.3225655
29	19	10.62	18.25	301	16.663	Pinus_sylvestris	20.5310055
29	20	17.798	21.236	253	12.61	Pinus_sylvestris	12.9735405
29	21	21.029	18.615	326	14.423	Pinus_sylvestris	25.083511
29	22	26.463	14.625	296	16.727	Pinus_sylvestris	11.777572
29	23	32.746	17.597	350	19.047	Pinus_sylvestris	32.844487
29	24	31.615	11.546	351	18.132	Pinus_sylvestris	17.292654
29	25	33.721	5.362	370	19.158	Pinus_sylvestris	24.0084185
29	26	32.946	2.77	166	10.601	Betula_pubescens	21.3264955
29	27	25.309	8.302	240	18.066	Pinus_sylvestris	8.3904805
29	28	24.537	7.03	331	17.038	Pinus_sylvestris	18.2105175
29	29	30.703	24.862	219	17.193	Pinus_sylvestris	6.6052935
29	30	24.001	27.315	366	17.464	Pinus_sylvestris	19.02544
29	31	16.368	28.692	142	9.962	Betula_pubescens	8.6624835
29	32	16.86	30.17	227	19.06	Pinus_sylvestris	6.7840115
29	33	6.675	20.508	155	12.948	Pinus_sylvestris	4.086729
29	34	10.547	19.117	245	15.673	Pinus_sylvestris	10.2809145
29	35	5.026	23.165	175	15.216	Picea_abies	5.2663715
29	36	3.185	27.15	311	18.188	Pinus_sylvestris	15.80514
29	37	1.819	30.774	205	17.394	Pinus_sylvestris	6.430671
29	38	-1.902	28.847	334	18.03	Pinus_sylvestris	19.6477095
29	39	11.057	14.494	198	14.378	Pinus_sylvestris	4.4383005
30	1	2.37	2.682	442	19.371	Pinus_sylvestris	17.4074475
30	2	1.015	9.176	351	20.132	Pinus_sylvestris	7.4028675
30	3	2.682	8.242	328	19.587	Pinus_sylvestris	10.3295225
30	4	0.516	12.623	107	8.384	Picea_abies	1.6171155
30	6	-0.498	14.451	224	15.659	Picea_abies	4.7911935
30	7	1.18	16.178	421	18.863	Pinus_sylvestris	14.1723085
30	8	-0.688	19.432	174	8.862	Betula_pubescens	12.379718
30	9	2.598	21.533	241	17.968	Pinus_sylvestris	5.868472
30	10	2.589	23.43	164	11.75	Picea_abies	4.191495
30	11	0.626	26.452	145	13.509	Pinus_sylvestris	1.2788645
30	12	1.832	31.487	127	9.885	Pinus_sylvestris	1.2659135
30	13	4.944	32.586	229	15.606	Betula_pubescens	16.0852975
30	14	4.934	14.157	134	8.959	Picea_abies	5.3218145
30	15	7.14	6.576	302	17.361	Pinus_sylvestris	6.637777
30	16	10.94	9.444	283	20.86	Pinus_sylvestris	8.7477615
30	17	11.49	14.244	126	9.53	Picea_abies	4.8390565
30	18	12.812	11.139	251	17.792	Pinus_sylvestris	3.126742
30	19	17.889	12.882	341	18.437	Pinus_sylvestris	11.2072915
30	20	17.092	17.954	363	19.039	Pinus_sylvestris	21.0918565
30	21	15.569	20.79	393	20.567	Pinus_sylvestris	19.9795595
30	22	19.337	8.877	417	19.682	Pinus_sylvestris	16.232483
30	23	13.254	5.03	352	19.149	Pinus_sylvestris	9.265414
30	24	14.636	0.872	107	9.627	Picea_abies	2.621948
30	25	19.289	3.46	361	18.302	Pinus_sylvestris	14.275339
30	26	27.639	3.089	441	21.233	Pinus_sylvestris	33.834564
30	27	25.084	1.603	207	13.634	Pinus_sylvestris	12.4348405
30	28	27.206	11.188	364	17.81	Pinus_sylvestris	30.464582
30	29	29.828	16.315	488	20.873	Pinus_sylvestris	39.053675
30	30	35.316	4.037	462	18.94	Pinus_sylvestris	43.4743645
30	31	28.419	24.196	241	14.859	Pinus_sylvestris	7.484635
30	32	29.833	23.941	147	11.329	Pinus_sylvestris	2.2889165
30	33	32.803	21.379	158	11.507	Picea_abies	3.949684
30	34	30.778	30.304	390	21.503	Pinus_sylvestris	17.3922005
30	35	23.368	25.02	361	17.559	Pinus_sylvestris	32.579458
30	36	20.681	32.118	187	15.545	Picea_abies	4.9797735
30	37	18.412	25.9	359	16.4	Pinus_sylvestris	20.4638435
30	38	15.176	33.578	424	19.405	Pinus_sylvestris	21.1396305
30	39	15.205	22.088	284	12.553	Pinus_sylvestris	25.94928
30	40	7.283	24.659	155	9.521	Picea_abies	3.663226
30	41	6.666	27.039	180	12.377	Betula_pubescens	19.60907
30	42	8.143	29.861	146	11.645	Picea_abies	1.921307
30	43	5	26.671	112	7.407	Picea_abies	3.209002
31	1	-2.477	6.298	195	8.905	Betula_pubescens	18.4484235
31	2	6.972	10.19	233	11.558	Pinus_sylvestris	14.510483
31	3	8.32	9.484	293	13.679	Pinus_sylvestris	10.914689
31	4	15.268	13.713	444	19.12	Pinus_sylvestris	55.417832
31	5	11.166	18.415	212	11.995	Pinus_sylvestris	8.5084585
31	6	2.831	20.969	438	20.885	Pinus_sylvestris	56.742173
31	7	7.463	28.856	210	11.777	Pinus_sylvestris	17.083048
31	8	4.521	33.526	498	17.862	Pinus_sylvestris	48.468703
31	9	9.691	33.314	389	17.079	Pinus_sylvestris	13.2686495
31	10	14.934	31.736	369	17.013	Pinus_sylvestris	28.7738375
31	11	16.064	28.255	305	14.349	Pinus_sylvestris	15.388068
31	12	22.076	30.119	286	14.64	Pinus_sylvestris	10.798085
31	13	25.487	30.601	390	17.189	Pinus_sylvestris	28.6103145
31	14	32.29	29.922	484	18.657	Pinus_sylvestris	38.7029555
31	15	22.939	25.378	138	9.858	Pinus_sylvestris	3.1254435
31	16	23.448	20.6	104	8.722	Pinus_sylvestris	2.0550285
31	17	24.993	20.34	148	10.551	Pinus_sylvestris	3.0787965
31	18	25.026	15.39	300	16.78	Pinus_sylvestris	13.462986
31	19	27.785	11.108	146	8.882	Pinus_sylvestris	6.8233555
31	20	25.823	4.182	199	11.242	Pinus_sylvestris	7.244907
31	21	29.564	3.62	230	7.678	Pinus_sylvestris	7.387931
31	22	33.543	-1.195	169	6.512	Betula_pubescens	9.192637
31	23	33.003	-1.418	167	9.111	Betula_pubescens	11.363464
31	24	8.492	-0.972	174	13.896	Betula_pubescens	15.056367
31	25	0.139	-1.917	324	15.131	Pinus_sylvestris	12.821366
32	1	0.305	18.254	120	7.785	Picea_abies	5.023165
32	2	9.591	19.696	198	11.785	Picea_abies	5.8188005
32	3	9.725	20.624	314	18.328	Picea_abies	9.238749
32	4	11.339	20.365	252	12.273	Picea_abies	14.05687
32	5	7.896	27.333	157	11.94	Pinus_sylvestris	6.797847
32	6	8.223	28.037	180	10.765	Pinus_sylvestris	9.9805765
32	7	4.57	29.368	310	10.263	Picea_abies	15.579499
32	8	0.089	27.701	205	13.735	Pinus_sylvestris	10.8901645
32	9	-0.612	27.488	169	12.853	Pinus_sylvestris	3.97183
32	10	24.017	24.763	188	8.925	Betula_pubescens	13.482561
32	11	23.472	28.116	218	10.309	Betula_pubescens	12.8851975
32	12	21.632	19.073	250	12.62	Picea_abies	7.9822695
32	13	16.412	13.858	132	9.764	Picea_abies	5.925855
32	14	21.194	15.034	153	9.689	Picea_abies	4.43623
32	15	30.004	15.121	361	21.868	Picea_abies	9.150796
32	16	29.031	3.64	320	14.828	Picea_abies	6.7123035
32	17	24.812	-0.977	260	14.555	Picea_abies	7.7169965
32	18	24.159	9.81	236	15.308	Picea_abies	5.8613535
32	19	17.265	6.855	169	9.631	Pinus_sylvestris	4.935047
32	20	7.622	-0.896	424	20.183	Picea_abies	12.2496005
32	21	31.266	27.461	256	12.766	Picea_abies	7.786695
33	1	-0.154	4.058	141	9.711	Picea_abies	2.9458585
33	2	3.745	2.764	108	10.243	Picea_abies	2.0711555
33	3	6.022	1.154	164	12.301	Picea_abies	2.297704
33	4	7.667	1.557	168	10.974	Pinus_sylvestris	2.294717
33	5	10.205	1.224	336	16.67	Pinus_sylvestris	19.125466
33	6	10.963	-0.867	114	9.154	Picea_abies	2.6245755
33	7	9.713	4.719	178	13.694	Picea_abies	3.5328975
33	8	8.522	8.933	199	13.82	Picea_abies	4.728707
33	9	7.208	9.504	205	11.613	Picea_abies	4.4878655
33	10	-0.272	13.517	193	11.127	Picea_abies	6.133314
33	11	9.564	11.365	132	8.725	Betula_pubescens	10.30401
33	12	9.793	11.047	119	8.981	Betula_pubescens	16.7641595
33	13	11.428	9.047	133	10.27	Picea_abies	4.4877675
33	14	11.635	10.485	124	9.308	Picea_abies	4.907848
33	15	15.384	11.95	332	17.366	Pinus_sylvestris	17.8221035
33	16	16.548	15.309	169	10.75	Picea_abies	3.8761315
33	17	16.967	15.772	214	14.94	Pinus_sylvestris	9.410521
33	18	20.012	16.394	152	10.813	Picea_abies	4.1496455
33	19	21.511	16.98	160	10.703	Picea_abies	4.3377405
33	20	23.073	17.174	110	9.192	Picea_abies	3.4587225
33	21	21.918	15.102	306	19.544	Pinus_sylvestris	8.547218
33	22	20.726	9.939	166	10.784	Picea_abies	5.3525505
33	23	22.006	8.787	116	8.819	Picea_abies	2.0413385
33	24	18.342	6.955	396	18.567	Pinus_sylvestris	23.4623095
33	25	17.535	3.017	405	17.522	Pinus_sylvestris	12.82254
33	26	19.385	-1.878	486	16.846	Pinus_sylvestris	37.3266125
33	27	22.732	3.365	166	12.774	Picea_abies	5.093637
33	28	25.992	1.02	200	13.904	Betula_pubescens	16.428321
33	29	26.703	1.338	142	9.489	Betula_pubescens	10.5865025
33	30	24.065	3.557	140	12.014	Picea_abies	1.3799085
33	31	22.028	6.396	188	15.895	Picea_abies	6.755888
33	32	28.618	4.6	107	6.835	Picea_abies	5.1039405
33	33	32.123	6.733	110	9.432	Picea_abies	3.193277
33	34	23.4	11.491	400	17.215	Pinus_sylvestris	16.2234205
33	35	27.169	17.419	366	21.028	Pinus_sylvestris	20.8033045
33	36	29.029	14.434	108	7.158	Picea_abies	3.283472
33	37	30.914	17.949	108	8.26	Picea_abies	2.09848
33	38	30.196	22.827	165	12.731	Picea_abies	5.458863
33	39	30.572	22.346	122	6.498	Picea_abies	4.9787075
33	40	25.735	24.071	151	7.499	Picea_abies	3.3534685
33	41	24.08	31.033	343	22.335	Pinus_sylvestris	8.9068655
33	42	28.354	28.658	124	11.264	Picea_abies	3.5301345
33	43	28.823	28.447	183	14.276	Picea_abies	4.431977
33	44	21.192	32.616	192	13.013	Picea_abies	4.7632175
33	45	18.45	32.472	276	17.84	Picea_abies	7.034699
33	46	12.2	29.087	110	7.961	Picea_abies	4.2977465
33	47	11.576	31.48	275	13.335	Picea_abies	7.364353
33	48	6.068	25.051	126	8.839	Picea_abies	4.011125
33	49	2.853	27.989	316	17.104	Picea_abies	12.716783
33	50	5.707	22.629	111	9.533	Picea_abies	2.620176
33	51	10.482	17.328	246	14.374	Picea_abies	6.9990565
33	52	11.272	14.674	100	8.105	Picea_abies	3.8755755
33	53	1.646	16.905	148	10.574	Picea_abies	9.8482925
33	54	-1.019	23.483	178	12.01	Picea_abies	6.3564775
34	1	-0.73	4.622	199	7.923	Betula_pubescens	15.55202
34	2	4.005	10.418	342	17.681	Pinus_sylvestris	12.5852125
34	3	2.856	15.777	147	10.914	Picea_abies	3.823982
34	4	0.916	16.545	360	16.517	Pinus_sylvestris	14.8969005
34	5	8.191	28.176	406	17.557	Pinus_sylvestris	51.091087
34	6	13.247	31.7	373	21.475	Pinus_sylvestris	19.0136405
34	7	-0.21	28.656	374	19.578	Pinus_sylvestris	17.0284115
34	8	-1.982	32.779	357	16.258	Pinus_sylvestris	24.465197
34	9	11.03	22.827	124	10.776	Pinus_sylvestris	1.457269
34	10	11.273	18.167	480	20.451	Pinus_sylvestris	46.1835275
34	11	10.712	13.814	101	9.688	Pinus_sylvestris	2.2836085
34	12	18.334	13.126	457	20.052	Pinus_sylvestris	38.866975
34	13	25.262	7.445	133	8.659	Picea_abies	4.313313
34	14	26.437	5.639	424	18.79	Pinus_sylvestris	24.4799625
34	15	30.844	0.388	373	19.405	Pinus_sylvestris	20.3284
34	16	21.258	0.835	328	15.472	Pinus_sylvestris	15.0561865
34	17	8.016	4.98	434	16.79	Pinus_sylvestris	22.0868395
34	18	5.372	2.434	215	16.538	Pinus_sylvestris	6.987609
34	19	3.033	19.319	157	9.536	Picea_abies	4.9003565
34	20	4.12	21.677	401	15.21	Pinus_sylvestris	23.885566
34	21	1.142	25.782	124	8.968	Picea_abies	2.241668
34	22	1.72	27.65	108	8.247	Pinus_sylvestris	1.886155
34	23	5.848	32.327	245	12.71	Betula_pubescens	17.992988
34	24	24.589	34.399	362	15.02	Pinus_sylvestris	31.8347505
34	25	30.41	31.891	422	19.325	Pinus_sylvestris	19.3948015
34	26	31.493	22.896	240	12.157	Picea_abies	19.473351
34	27	32.465	22.414	314	21.357	Pinus_sylvestris	27.262066
34	28	32.786	19.765	203	13.743	Betula_pubescens	19.690956
34	29	23.349	16.824	280	19.871	Picea_abies	6.083196
34	30	33.175	7.992	419	18.661	Pinus_sylvestris	32.6185805
35	1	-0.665	4.48	298	15.133	Picea_abies	13.462246
35	2	0.837	6.854	370	23.372	Pinus_sylvestris	7.8619675
35	3	5.63	3.126	399	15.763	Pinus_sylvestris	36.793371
35	4	4.442	9.16	140	8.537	Picea_abies	4.2689215
35	5	3.671	11.25	207	12.982	Picea_abies	11.565877
35	6	8.907	2.991	152	8.913	Picea_abies	5.739255
35	7	1.573	13.868	120	5.412	Picea_abies	4.234328
35	8	1.233	15.715	114	8.728	Picea_abies	2.2848545
35	9	-1.15	19.173	125	6.281	Picea_abies	4.264418
35	10	-0.291	21.974	218	15.217	Picea_abies	6.3961955
35	11	5.582	18.269	125	8.825	Picea_abies	5.724433
35	12	3.621	30.268	412	14.76	Pinus_sylvestris	23.5395965
35	13	11.046	14.96	164	12.089	Picea_abies	5.1591215
35	14	11.993	12.643	178	13.463	Picea_abies	4.2360385
35	15	12.414	11.347	150	10.861	Picea_abies	2.1028265
35	16	16.371	14.058	165	10.655	Picea_abies	4.7051955
35	17	16.728	11.508	180	12.109	Picea_abies	3.785697
35	18	15.061	7.139	155	9.345	Picea_abies	6.016269
35	19	11.193	4.173	140	8.58	Picea_abies	5.1016955
35	20	13.224	32.494	185	13.426	Picea_abies	8.344093
35	21	15.567	28.631	186	14.243	Picea_abies	7.2125665
35	22	18.259	25.025	165	14.607	Picea_abies	17.6566985
35	23	16.416	20.886	251	18.228	Picea_abies	4.850449
35	24	20.958	13.989	127	10.297	Picea_abies	2.99245
35	25	18.776	12.428	120	9.594	Picea_abies	5.3974275
35	26	28.399	20.428	429	20.305	Pinus_sylvestris	34.745577
35	27	24.289	17.167	172	8.866	Picea_abies	5.8355215
35	28	24.183	26.173	389	12.43	Pinus_sylvestris	40.286371
35	29	29.399	25.312	100	6.564	Picea_abies	2.2376435
35	30	27.703	10.797	177	9.947	Picea_abies	9.2781975
35	31	29.591	10.592	480	14.771	Pinus_sylvestris	46.1497015
35	32	32.495	5.514	107	7.987	Picea_abies	2.7715155
35	33	27.238	3.617	170	11.244	Picea_abies	6.4271975
35	34	27.849	1.184	147	10.201	Picea_abies	3.5821865
35	35	25.538	0.649	260	12.02	Pinus_sylvestris	7.7197695
35	36	27.263	-1.048	153	9.598	Betula_pubescens	8.3644615
35	37	26.191	-0.81	133	11.307	Picea_abies	4.5195275
35	38	23.522	4.197	126	11.304	Picea_abies	2.5909565
35	39	21.685	1.003	201	12.631	Picea_abies	6.216447
35	40	21.664	5.072	109	9.218	Picea_abies	2.2411375
35	41	19.674	2.695	126	6.872	Picea_abies	1.436751
35	42	13.379	0.89	133	10.016	Picea_abies	4.387237
36	1	-0.139	5.866	115	8.475	Pinus_sylvestris	2.883331
36	2	2.019	12.648	216	15.352	Betula_pubescens	13.6346735
36	3	3.284	16.318	290	16.669	Pinus_sylvestris	8.5188815
36	4	4.77	12.427	303	15.182	Pinus_sylvestris	25.550013
36	5	4.841	12.042	317	14.878	Pinus_sylvestris	18.5757475
36	6	12.15	15.601	228	17.337	Pinus_sylvestris	6.3761535
36	7	2.04	31.298	409	19.189	Pinus_sylvestris	18.1574755
36	8	-2.322	24.986	407	17.19	Pinus_sylvestris	29.5886635
36	9	17.955	2.011	294	12.748	Pinus_sylvestris	24.1549965
36	10	17.599	1.577	400	18.903	Pinus_sylvestris	9.1202895
36	11	21.589	-0.188	299	12.727	Pinus_sylvestris	27.596493
36	12	16.786	-0.765	327	14.053	Pinus_sylvestris	18.7903625
36	13	12.832	-1.326	380	17.822	Pinus_sylvestris	15.511751
36	14	20.751	9.907	269	16.479	Pinus_sylvestris	17.196402
36	15	30.656	5.505	132	13.539	Pinus_sylvestris	1.5794275
36	16	31.307	3.622	132	10.245	Pinus_sylvestris	1.4080865
36	17	0.652	-0.75	379	13.339	Pinus_sylvestris	25.4547875
36	18	22.112	13.07	318	15.857	Pinus_sylvestris	15.4054445
36	19	20.775	13.614	309	17.083	Pinus_sylvestris	13.575751
36	20	19.076	17.045	315	17.025	Pinus_sylvestris	12.2968245
36	21	23.123	19.73	328	15.802	Pinus_sylvestris	18.2174385
36	22	29	22.654	318	17.831	Pinus_sylvestris	14.338682
36	23	25.178	28.753	413	16.859	Pinus_sylvestris	34.6584905
36	24	18.567	20.842	300	16.508	Pinus_sylvestris	13.922985
37	1	-0.229	12.374	132	9.697	Picea_abies	3.3199405
37	2	2.717	10.69	260	18.589	Picea_abies	9.7142285
37	3	3.568	11.534	126	7.482	Picea_abies	4.6926315
37	4	4.009	21.841	171	13.338	Picea_abies	3.4108895
37	5	8.972	20.428	323	19.769	Pinus_sylvestris	15.5764325
37	6	8.263	15.257	103	8.682	Picea_abies	2.5889055
37	7	9.516	14.045	330	22.233	Picea_abies	13.597519
37	8	7.075	9.108	105	7.532	Picea_abies	2.5645485
37	9	10.899	9.924	101	6.601	Picea_abies	2.845741
37	10	9.127	4.61	370	17.322	Pinus_sylvestris	14.460169
37	11	5.561	3.262	194	15.118	Picea_abies	5.6480515
37	12	4.419	0.39	192	15.725	Pinus_sylvestris	5.5491415
37	13	10.481	0.309	111	11.657	Pinus_sylvestris	1.0818275
37	14	13.246	2.927	110	8.358	Picea_abies	2.549756
37	15	13.402	4.258	103	9.425	Picea_abies	2.9108665
37	16	16.098	5.842	125	9.196	Picea_abies	3.0577155
37	17	16.202	-0.053	154	13.065	Picea_abies	4.250344
37	18	19.11	1.532	444	17.223	Pinus_sylvestris	38.656784
37	19	20.186	-0.106	128	9.363	Picea_abies	4.65648
37	20	22.853	5.052	466	22.85	Pinus_sylvestris	29.893984
37	21	25.187	2.921	121	10.963	Picea_abies	2.568246
37	22	20.667	6.941	141	13.142	Pinus_sylvestris	6.6905225
37	23	19.127	8.031	116	8.838	Picea_abies	4.322561
37	24	21.647	7.905	170	14.837	Picea_abies	2.1500295
37	25	25.76	6.269	111	7.902	Picea_abies	1.1043375
37	26	25.272	11.88	210	15.791	Picea_abies	3.900815
37	27	19.552	12.296	131	10.169	Picea_abies	5.567648
37	28	22.517	15.414	217	14.985	Picea_abies	3.330135
37	29	28.05	16.209	153	10.148	Picea_abies	5.0411795
37	30	28.173	17.705	255	14.87	Pinus_sylvestris	8.2265865
37	31	32.757	22.055	380	20.69	Pinus_sylvestris	21.629664
37	32	20.764	25.338	361	19.381	Pinus_sylvestris	16.988335
37	33	18.373	24.714	325	19.703	Pinus_sylvestris	14.021169
37	34	16.967	21.758	235	15.78	Pinus_sylvestris	4.5930915
37	35	16.669	21.081	178	11.756	Pinus_sylvestris	9.425457
37	36	16.962	20.994	110	9.082	Picea_abies	3.013549
37	37	13.964	27.227	112	8.241	Picea_abies	3.9857095
37	38	24.741	8.323	109	9.326	Picea_abies	2.135825
37	39	29.502	6.829	180	15.702	Picea_abies	3.145134
37	40	30.998	5.596	184	12.368	Picea_abies	6.8878505
37	41	34.004	3.248	288	17.65	Picea_abies	19.9469345
37	42	29.426	22.141	225	19.953	Pinus_sylvestris	3.9473325
37	43	26.896	28.178	189	13.173	Picea_abies	7.601211
37	44	19.582	28.338	145	12.606	Picea_abies	2.7559015
37	45	12.623	29.508	138	13.527	Picea_abies	1.819785
37	46	11.558	27.952	244	17.589	Picea_abies	5.245708
37	47	11.867	23.191	108	8.015	Picea_abies	2.7418745
37	48	7.243	23.905	277	18.748	Picea_abies	8.693402
37	49	7.4	26.851	136	9.772	Picea_abies	2.9010455
37	50	5.077	29.073	170	9.441	Picea_abies	5.8975365
37	51	5.213	29.869	313	19.179	Pinus_sylvestris	17.762507
37	52	2.21	27.486	109	7.677	Picea_abies	2.038002
37	53	2.482	27.065	119	10.918	Picea_abies	2.2305615
38	1	1.88	5.057	291	16.127	Picea_abies	7.8568225
38	2	2.841	5.363	238	15.984	Picea_abies	6.4672515
38	3	3.948	3.252	229	15.654	Picea_abies	3.729232
38	4	4.164	1.932	120	9.469	Picea_abies	3.072728
38	5	3.075	0.559	170	12.393	Picea_abies	6.1570295
38	6	7.988	0.828	222	18.112	Picea_abies	5.503651
38	7	0.414	12.616	106	10.487	Picea_abies	0.9100715
38	8	-0.718	14.624	204	14.977	Picea_abies	8.924846
38	9	1.475	9.838	177	11.903	Picea_abies	1.686012
38	10	2.721	7.476	149	11.666	Picea_abies	2.704966
38	11	2.584	10.034	198	14.405	Picea_abies	3.67475
38	12	2.573	11.42	166	12.911	Picea_abies	3.3963295
38	13	2.438	12.913	203	15.611	Picea_abies	3.98078
38	14	4.797	16.716	124	8.946	Betula_pubescens	11.6797215
38	15	13.032	9.87	201	13.847	Picea_abies	8.578378
38	16	13.784	10.719	264	15.727	Picea_abies	7.0299145
38	17	17.22	12.156	209	16.487	Picea_abies	5.0398055
38	18	17.092	13.799	350	20.487	Picea_abies	7.949751
38	19	17.798	14.569	181	13.212	Picea_abies	4.9430665
38	20	13.821	18.29	313	16.731	Picea_abies	13.9157725
38	21	15.654	19.157	140	11.529	Picea_abies	2.519515
38	22	9.063	23.863	252	16.431	Picea_abies	7.1976585
38	23	7.832	25.322	184	14.213	Picea_abies	3.962817
38	24	4.581	27.572	240	17.809	Picea_abies	9.3252925
38	25	4.399	28.167	105	9.824	Picea_abies	2.336975
38	26	3.66	30.372	140	14.372	Picea_abies	4.395243
38	27	2.677	29.164	183	14.336	Picea_abies	3.561175
38	28	-1.381	27.607	323	17.567	Picea_abies	5.7843635
38	29	-0.604	25.516	263	16.554	Picea_abies	6.4002055
38	30	21.41	30.759	234	15.901	Picea_abies	9.744429
38	31	15.172	28.636	185	14.392	Picea_abies	2.246062
38	32	11.107	25.623	245	14.424	Picea_abies	4.964749
38	33	10.743	24.729	119	11.508	Betula_pubescens	4.3383585
38	34	10.626	24.526	143	4.677	Betula_pubescens	5.7743055
38	35	10.843	28.204	235	16.342	Picea_abies	8.329569
38	36	12.136	29.635	172	11.849	Betula_pubescens	7.857115
38	37	14.086	30.051	110	6.649	Picea_abies	2.984389
38	38	13.851	30.713	215	16.422	Picea_abies	6.6464485
38	39	31.818	23.029	374	20.989	Picea_abies	11.8161255
38	40	26.061	17.935	253	16.555	Picea_abies	7.175362
38	41	28.085	15.755	200	13.027	Picea_abies	5.234712
38	42	30.178	15.9	178	14.976	Picea_abies	2.5554585
38	43	30.479	15.48	236	19.678	Picea_abies	3.9367785
38	44	30.206	14.808	224	14.986	Picea_abies	3.676174
38	45	26.381	8.612	288	14.764	Picea_abies	15.976716
38	46	20.871	3.974	215	13.775	Picea_abies	7.8904585
38	47	23.335	4.16	205	11.787	Betula_pubescens	14.168546
38	48	25.478	1.443	112	7.005	Betula_pubescens	3.868227
38	49	28.055	8.962	197	15.203	Picea_abies	7.3935865
38	50	20.623	-0.692	311	18.782	Picea_abies	8.9254055
38	51	17.378	0.366	239	15.896	Picea_abies	9.54174
38	52	8.942	-0.536	162	13.837	Picea_abies	1.9379255
39	1	1.899	0.557	192	13.888	Betula_pubescens	17.037298
39	2	-0.769	2.758	221	15.494	Picea_abies	15.6728525
39	3	-0.424	3.282	151	14.847	Betula_pubescens	7.5351585
39	4	-2.046	4.991	203	14.81	Betula_pubescens	11.992167
39	5	0.722	6.959	138	13.239	Betula_pubescens	5.9174655
39	6	5.225	6.687	216	13.885	Betula_pubescens	15.1478655
39	7	6.327	8.109	214	13.373	Betula_pubescens	16.1034055
39	8	5.458	9.98	189	13.594	Picea_abies	6.8383105
39	9	0.047	11.02	185	16.984	Betula_pubescens	7.835791
39	10	1.578	11.733	200	17.192	Betula_pubescens	10.558495
39	11	1.567	11.741	148	13.9	Betula_pubescens	7.587746
39	12	7.193	11.016	224	15.098	Betula_pubescens	13.1912885
39	13	6.753	11.737	150	12.794	Betula_pubescens	11.70806
39	14	4.953	15.717	157	12.558	Betula_pubescens	7.570475
39	15	5.415	15.544	168	14.452	Betula_pubescens	13.614365
39	16	-0.093	20.77	124	4.423	Betula_pubescens	15.6458265
39	17	-0.464	21.152	164	13.762	Betula_pubescens	15.624768
39	18	3.696	19.53	116	7.302	Picea_abies	3.554944
39	19	5.901	17.38	150	14.683	Betula_pubescens	6.408095
39	20	5.42	18.381	150	13.075	Betula_pubescens	6.5333905
39	21	5.993	18.515	146	13.253	Betula_pubescens	7.1372165
39	22	6.025	19.204	164	12.356	Betula_pubescens	5.980135
39	23	5.546	22.83	129	13.964	Betula_pubescens	8.747405
39	24	9.884	13.412	135	9.771	Betula_pubescens	10.8390085
39	25	9.768	15.847	150	12.348	Betula_pubescens	10.2658795
39	26	13.239	15.058	168	13.313	Betula_pubescens	11.883
39	27	13.423	15.594	118	8.002	Betula_pubescens	9.9225275
39	28	9.783	22.732	161	11.945	Betula_pubescens	6.6685735
39	29	9.388	25.313	144	12.841	Betula_pubescens	9.077409
39	30	7.215	31.424	275	15.474	Betula_pubescens	30.9768925
39	31	6.228	31.125	128	9.727	Betula_pubescens	8.539503
39	32	12.106	23.702	318	19.121	Picea_abies	12.553574
39	33	20.09	24.78	215	16.063	Betula_pubescens	16.5836505
39	34	16.098	30.619	175	14.056	Betula_pubescens	15.495335
39	35	16.866	32.111	163	14.434	Betula_pubescens	11.484116
39	36	19.279	31.816	125	12.65	Betula_pubescens	13.066261
39	37	25.815	31.952	194	13.508	Betula_pubescens	8.8354865
39	38	29.449	29.394	180	14.767	Betula_pubescens	11.5247655
39	39	30.556	27.462	233	14.655	Betula_pubescens	19.753612
39	40	31.207	27.342	116	8.19	Betula_pubescens	4.685093
39	41	27.534	23.27	145	11.005	Betula_pubescens	15.8899625
39	42	24.264	27.928	200	13.34	Betula_pubescens	22.095812
39	43	15.928	14.787	191	16.551	Betula_pubescens	17.0403975
39	44	15.97	9.551	225	12.09	Betula_pubescens	13.183616
39	45	17.489	16.575	166	12.801	Betula_pubescens	6.788541
39	46	17.431	17.758	120	8.978	Betula_pubescens	2.6767975
39	47	19.937	18.22	191	12.524	Betula_pubescens	14.8520535
39	48	19.968	17.188	193	14.063	Betula_pubescens	13.0672635
39	49	20.58	15.093	141	12.459	Betula_pubescens	5.8092775
39	50	23.434	15.236	232	15.513	Betula_pubescens	15.0664275
39	51	24.754	11.221	195	12.954	Betula_pubescens	10.2845355
39	52	24.729	10.523	188	7.455	Betula_pubescens	5.912487
39	53	23.979	10.474	185	15.43	Betula_pubescens	12.5115515
39	54	19.577	5.867	189	13.683	Betula_pubescens	12.9532035
39	55	22.177	-0.259	312	15.266	Betula_pubescens	31.281578
39	56	24.216	-1.697	187	12.131	Betula_pubescens	21.3545525
39	57	29.451	0.702	179	14.079	Betula_pubescens	12.9980995
39	58	30.922	10.524	418	21.203	Pinus_sylvestris	38.666387
39	59	28.429	17.246	153	12.654	Betula_pubescens	7.0418635
39	60	31.347	19.14	220	11.693	Betula_pubescens	13.2578735
39	61	28.633	19.353	159	6.318	Betula_pubescens	6.4291205
39	62	11.638	28.614	187	8.063	Betula_pubescens	6.155045
39	63	2.418	23.435	190	15.144	Betula_pubescens	12.513645
39	64	2.161	24.258	223	15.731	Betula_pubescens	19.3090605
39	65	-0.386	22.896	197	14.078	Betula_pubescens	13.985748
39	66	0.268	24.805	131	10.131	Betula_pubescens	8.615054
39	67	-0.022	27.406	148	12.121	Betula_pubescens	5.226878
39	68	-0.374	28.687	209	14.646	Betula_pubescens	18.830856
40	1	2.506	0.862	560	16.662	Pinus_sylvestris	54.052171
40	2	8.049	8.002	460	17.413	Pinus_sylvestris	32.5998045
40	3	8.68	13.762	300	16.995	Pinus_sylvestris	7.1393315
40	4	10.493	12.456	293	13.827	Pinus_sylvestris	4.811295
40	5	4.144	21.122	410	17.721	Picea_abies	13.3876985
40	6	1.446	19.837	120	8.626	Pinus_sylvestris	1.617455
40	7	1.212	17.558	120	11.742	Pinus_sylvestris	1.45748
40	8	3.493	25.238	217	13.867	Pinus_sylvestris	6.824209
40	9	2.103	28.844	182	11.27	Pinus_sylvestris	10.19816
40	10	11.822	21.459	156	7.34	Pinus_sylvestris	1.817461
40	11	13.692	22.979	141	6.449	Betula_pubescens	4.010544
40	12	16.38	20.916	444	20.29	Pinus_sylvestris	15.3795055
40	13	10.965	23.715	143	11.907	Pinus_sylvestris	1.190378
40	14	6.836	20.03	138	11.129	Betula_pubescens	7.1896455
40	15	9.401	29.201	218	11.915	Pinus_sylvestris	7.001441
40	16	10.561	28.588	124	11.373	Pinus_sylvestris	1.8636045
40	17	12.256	27.09	151	10.327	Pinus_sylvestris	3.1123865
40	18	10.351	29.459	163	13.247	Pinus_sylvestris	3.098793
40	19	12.219	30.802	119	9.815	Pinus_sylvestris	1.923971
40	20	14.188	28.149	106	8.812	Pinus_sylvestris	1.544261
40	21	16.861	28.362	106	7.809	Pinus_sylvestris	2.838366
40	22	15.967	32.162	122	10.437	Pinus_sylvestris	2.9749505
40	23	17.902	31.657	127	9.2	Pinus_sylvestris	2.5175725
40	24	21.418	26.583	445	19.201	Pinus_sylvestris	45.8358645
40	25	19.552	23.878	125	10.161	Pinus_sylvestris	3.4794865
40	26	26.548	25.515	123	9.508	Pinus_sylvestris	1.4648925
40	27	28.967	21.896	112	9.192	Pinus_sylvestris	1.805141
40	28	26.249	18.894	101	9.202	Pinus_sylvestris	1.724901
40	29	29.623	18.415	133	10.685	Pinus_sylvestris	1.6085955
40	30	29.858	16.571	141	9.717	Pinus_sylvestris	4.2612645
40	31	34.704	16.363	550	17.353	Pinus_sylvestris	54.560853
40	32	24.651	31.913	187	10.283	Pinus_sylvestris	7.332935
40	33	31.516	25.299	123	8.988	Pinus_sylvestris	3.3542665
40	34	30.762	30.17	107	8.337	Pinus_sylvestris	1.311838
40	35	24.159	6.438	226	17.243	Picea_abies	9.966897
40	36	29.265	31.135	122	12.09	Pinus_sylvestris	2.538633
40	37	29.669	3.46	486	19.635	Pinus_sylvestris	19.400644
40	38	32.072	7.218	266	15.737	Betula_pubescens	11.278555
40	39	24.154	0.561	311	19.007	Pinus_sylvestris	9.410306
40	40	18.031	6.363	325	18.302	Pinus_sylvestris	10.859061
40	41	15.173	4.21	266	15.447	Picea_abies	5.1851985
40	42	13.973	1.081	452	18.618	Pinus_sylvestris	27.9300965
41	1	0.069	3.424	270	14.448	Picea_abies	4.7329665
41	2	4.491	3.006	248	13.357	Betula_pubescens	11.242761
41	3	8.252	2.61	169	10.145	Picea_abies	6.859465
41	4	14.162	2.594	176	11.587	Betula_pubescens	10.038694
41	5	15.487	-0.617	299	16.802	Picea_abies	5.5158465
41	6	13.119	5.838	219	8.208	Betula_pubescens	7.4523545
41	7	0.976	10.272	166	11.53	Picea_abies	4.6455085
41	8	1.485	6.622	110	6.958	Betula_pubescens	3.195696
41	9	5.388	21.948	111	6.732	Betula_pubescens	4.537866
41	10	-1.267	15.194	176	12.421	Picea_abies	4.905121
41	11	9.016	22.75	326	17.782	Picea_abies	5.7970465
41	12	16.075	20.59	294	14.328	Betula_pubescens	26.6565985
41	13	21.478	13.243	281	15.786	Picea_abies	8.559696
41	14	23.266	17.159	231	12.174	Betula_pubescens	20.6312655
41	15	23.053	17.305	100	5.55	Betula_pubescens	8.431152
41	16	25.368	21.804	254	8.523	Betula_pubescens	7.884245
41	17	25.022	22.373	239	11.314	Betula_pubescens	10.5436025
41	18	24.683	22.934	150	8.616	Betula_pubescens	2.8038525
41	19	25.015	8.773	252	13.038	Picea_abies	10.213487
41	20	22.293	0.235	349	16.641	Picea_abies	11.8362595
41	21	30.558	0.956	247	9.761	Betula_pubescens	19.3279965
41	22	25.268	7.145	146	8.946	Picea_abies	2.1164045
41	23	30.287	8.521	191	13.29	Picea_abies	2.676159
41	24	31.204	9.001	172	10.832	Picea_abies	3.16455
41	25	32.341	19.15	294	14.195	Picea_abies	9.3869135
41	26	10.24	29.021	302	16.569	Picea_abies	10.237771
41	27	18.238	30.491	240	15.414	Picea_abies	5.9549595
41	28	18.746	30.09	201	15.362	Picea_abies	3.02759
41	29	19.607	30.506	122	10.4	Picea_abies	3.1522005
41	30	19.934	26.652	155	11.597	Picea_abies	5.8874675
41	31	21.082	26.123	149	11.13	Picea_abies	5.2383285
41	32	24.436	28.138	116	8.418	Betula_pubescens	3.842718
41	33	25.181	26.574	281	17.774	Picea_abies	4.824119
41	34	25.715	26.395	179	11.115	Picea_abies	3.679044
41	35	27.559	25.24	210	16.41	Picea_abies	2.5115585
41	36	28.78	25.905	142	9.668	Picea_abies	4.982297
42	1	-2.091	5.304	483	16.171	Pinus_sylvestris	31.1265855
42	2	0.555	12.815	354	15.625	Pinus_sylvestris	21.2632745
42	3	2.459	15.219	333	20.169	Pinus_sylvestris	15.550488
42	4	2.721	16.967	227	12.707	Pinus_sylvestris	4.0561435
42	5	3.427	23.347	415	12.095	Pinus_sylvestris	17.457063
42	6	8.564	17.637	372	13.152	Pinus_sylvestris	16.5107485
42	7	13.184	16.339	190	13.107	Pinus_sylvestris	4.560799
42	8	13.926	17.934	291	16.29	Picea_abies	10.401419
42	9	14.215	20.188	241	15.907	Pinus_sylvestris	5.277707
42	10	18.664	27.422	163	12.882	Pinus_sylvestris	7.6302985
42	11	18.901	27.707	420	17.346	Pinus_sylvestris	20.8486255
42	12	20.367	33.471	262	16.977	Pinus_sylvestris	6.3273855
42	13	28.219	28.645	320	17.114	Pinus_sylvestris	12.963677
42	14	13.576	5.466	410	17.114	Pinus_sylvestris	33.0493525
42	15	17.928	6.5	320	14.982	Pinus_sylvestris	13.487675
42	16	20.467	7.45	302	16.68	Pinus_sylvestris	18.090846
42	17	20.946	10.779	273	17.219	Pinus_sylvestris	5.531103
42	18	20.857	2.332	334	14.458	Pinus_sylvestris	14.3591145
42	19	25.267	3.089	371	16.895	Pinus_sylvestris	25.7790875
42	20	31.206	-0.861	255	13.575	Picea_abies	4.72547
42	21	31.757	-0.111	434	16.764	Pinus_sylvestris	19.817834
42	22	30.293	18.863	152	6.851	Salix_caprea	9.5086075
42	23	24.804	10.038	321	21.3	Pinus_sylvestris	23.23322
43	1	2.291	3.457	235	15.086	Pinus_sylvestris	12.3506325
43	2	4.165	9.11	175	13.365	Pinus_sylvestris	6.347938
43	3	2.306	10.53	479	23.649	Pinus_sylvestris	37.3306825
43	4	4.705	12.212	195	12.253	Betula_pubescens	9.977352
43	5	2.4	18.28	414	18.465	Pinus_sylvestris	26.699663
43	6	4.696	28.123	545	19.377	Pinus_sylvestris	32.6978305
43	7	7.507	31.414	197	16.809	Pinus_sylvestris	4.745497
43	8	4.626	27.438	151	11.573	Picea_abies	2.287017
43	9	15.03	30.511	276	19.875	Pinus_sylvestris	13.843679
43	10	17.196	25.275	600	21.587	Pinus_sylvestris	31.184289
43	11	20.397	29.349	221	17.559	Pinus_sylvestris	4.5451015
43	12	17.779	25.635	101	10.119	Pinus_sylvestris	1.171118
43	13	19.583	32.575	377	21.451	Pinus_sylvestris	12.9089385
43	14	22.465	30.294	201	16.711	Pinus_sylvestris	2.001266
43	15	25.472	27.269	227	14.777	Pinus_sylvestris	4.2933615
43	16	28.34	26.018	125	12.094	Pinus_sylvestris	1.4251475
43	17	32.679	29.073	170	10.06	Picea_abies	3.804517
43	18	32.428	26.964	173	16.09	Pinus_sylvestris	4.721959
43	19	26.851	23.685	255	13.465	Pinus_sylvestris	11.9539095
43	20	25.866	23.347	153	12.787	Picea_abies	4.1946915
43	21	21.455	22.298	329	20.171	Pinus_sylvestris	7.224462
43	22	20.279	18.553	173	13.493	Picea_abies	4.8194965
43	23	17.912	14.879	124	4.545	Betula_pubescens	3.5394615
43	24	16.302	14.221	301	17.555	Pinus_sylvestris	21.5558895
43	25	15.671	13.393	228	14.746	Picea_abies	4.8779335
43	26	9.031	0.74	249	19.746	Pinus_sylvestris	2.467563
43	27	6.756	-1.106	290	19.925	Pinus_sylvestris	10.1674265
43	28	12.66	1.754	171	10.325	Pinus_sylvestris	7.596269
43	29	16.463	2.143	249	17.301	Pinus_sylvestris	15.0019495
43	30	19.319	1.053	265	17.13	Pinus_sylvestris	12.198797
43	31	26.369	4.612	104	7.466	Picea_abies	1.5917485
43	32	26.712	-0.846	383	18.978	Pinus_sylvestris	22.423729
43	33	30.296	2.909	160	12.963	Pinus_sylvestris	4.1034345
43	34	31.719	1.531	240	16.072	Pinus_sylvestris	2.1438445
43	35	30.708	5.34	132	9.317	Pinus_sylvestris	4.898254
43	36	27.426	7.01	142	11	Picea_abies	2.118664
43	37	27.374	10.964	403	19.837	Pinus_sylvestris	7.541945
43	38	22.581	10.708	210	14.639	Pinus_sylvestris	7.72967
43	39	24.164	12.379	183	13.454	Pinus_sylvestris	7.600446
43	40	24.207	15.196	251	18.69	Pinus_sylvestris	9.968825
43	41	27.971	16.912	262	16.169	Pinus_sylvestris	10.2494665
43	42	29.085	17.711	651	21.906	Pinus_sylvestris	24.5746615
43	43	30.679	15.23	156	9.46	Picea_abies	5.177241
43	44	32.689	15.828	265	19.705	Pinus_sylvestris	6.08095
43	45	32.45	19.198	238	19.161	Pinus_sylvestris	6.288177
43	46	32.432	21.648	201	15.318	Pinus_sylvestris	6.0107415
43	47	1.545	24.357	125	8.187	Picea_abies	1.910106
44	1	0.461	10.24	120	7.806	Picea_abies	3.600577
44	2	-0.5	14.998	433	21.203	Pinus_sylvestris	20.027068
44	3	6.459	16.132	193	13.415	Picea_abies	6.01787
44	4	2.991	26.281	154	13.814	Pinus_sylvestris	3.232703
44	5	0.705	30.39	123	9.504	Picea_abies	1.8689805
44	6	-1.388	32.085	432	21.281	Pinus_sylvestris	20.125609
44	7	4.156	29.375	259	17.651	Picea_abies	5.30362
44	8	5.085	26.759	243	10.755	Picea_abies	4.9302965
44	9	5.717	26.736	206	16.16	Pinus_sylvestris	5.173311
44	10	6.887	25.759	302	17.157	Pinus_sylvestris	16.544078
44	11	8.421	27.767	234	12.731	Picea_abies	2.3701955
44	12	10.046	29.566	125	9.161	Picea_abies	2.0741635
44	13	11.672	30.901	207	14.915	Picea_abies	7.1079485
44	14	9.164	20.141	401	17.248	Pinus_sylvestris	23.347594
44	16	6.632	4.063	270	17.451	Pinus_sylvestris	13.4647245
44	17	7.272	3.826	243	12.443	Picea_abies	10.808325
44	18	3.398	4.628	103	5.52	Picea_abies	2.0208575
44	19	11.736	1.353	150	10.817	Picea_abies	3.224012
44	20	12.533	7.602	233	17.2	Picea_abies	3.278721
44	21	10.027	11.539	211	13.484	Picea_abies	8.5078655
44	22	8.786	16.264	154	9.021	Salix_caprea	2.61839
44	23	20.95	2.871	295	18.115	Pinus_sylvestris	13.864505
44	24	18.134	10.587	390	22.315	Pinus_sylvestris	13.27306
44	25	18.933	13.276	107	9.95	Betula_pubescens	6.0693015
44	26	25.16	11.887	427	19.886	Pinus_sylvestris	20.9644295
44	27	23.988	16.585	103	7.221	Picea_abies	1.8991185
44	28	17.417	22.216	209	13.359	Pinus_sylvestris	6.6202505
44	29	16.938	24.738	449	22.416	Pinus_sylvestris	32.988529
44	30	22.884	28.795	133	10.722	Picea_abies	2.7561845
44	31	31.299	29.64	261	17.049	Pinus_sylvestris	7.751095
44	32	30.889	25.879	313	17.376	Pinus_sylvestris	9.9849645
44	33	29.99	23.5	130	10.058	Picea_abies	3.044828
44	34	25.75	18.746	234	13.778	Picea_abies	8.486831
44	35	31.28	12.047	312	15.371	Pinus_sylvestris	18.194929
44	36	28.568	4.54	220	15.74	Pinus_sylvestris	11.2581575
44	37	29.943	3.575	170	11.399	Picea_abies	3.0565265
44	38	23.348	3.787	164	13.937	Pinus_sylvestris	1.834632
45	1	1.868	1.467	110	6.618	Picea_abies	3.9714595
45	2	4.01	2.191	379	13.119	Pinus_sylvestris	27.5001645
45	3	4.473	2.77	123	7.147	Picea_abies	4.4345975
45	4	1.468	3.194	110	6	Picea_abies	3.8945115
45	5	1.77	5.88	121	9.365	Picea_abies	2.4605175
45	6	-0.647	6.253	133	8.662	Picea_abies	4.388377
45	7	0.775	11.603	178	12.777	Picea_abies	4.7591235
45	8	-0.258	13.176	117	10.5	Picea_abies	1.5338935
45	9	6.788	10.874	221	6.636	Pinus_sylvestris	3.3511735
45	10	4.97	10.677	161	12.125	Picea_abies	2.959288
45	11	2.536	10.101	193	15.225	Picea_abies	4.485013
45	12	3.462	11.848	112	9.952	Picea_abies	2.172201
45	13	3.793	14.856	150	10.197	Picea_abies	3.6895055
45	14	0.41	16.976	112	5.7	Picea_abies	4.0154545
45	15	2.996	17.864	119	9.1	Picea_abies	1.991844
45	16	9.674	13.479	442	21.375	Pinus_sylvestris	14.044893
45	17	7.168	17.163	446	20.832	Pinus_sylvestris	30.6156855
45	18	4.615	20.717	145	10.544	Picea_abies	6.1317245
45	19	2.874	20.89	239	13.106	Picea_abies	5.31798
45	20	0.024	25.204	138	9.493	Picea_abies	3.5959355
45	21	7.273	32.755	197	14.149	Picea_abies	5.055571
45	22	13.525	28.352	306	20.539	Picea_abies	9.9988335
45	23	16.895	32.927	166	10.807	Picea_abies	3.9920515
45	24	19.497	31.29	130	7.744	Picea_abies	5.6121805
45	25	14.281	16.892	149	11.146	Picea_abies	4.2942175
45	26	16.496	19.312	235	8.25	Betula_pubescens	11.4449925
45	27	20.819	19.307	271	13.792	Pinus_sylvestris	10.593228
45	28	22.31	17.757	170	11.391	Picea_abies	4.640304
45	29	16.196	11.804	162	10.667	Picea_abies	3.238363
45	30	17.295	12.13	122	7.806	Picea_abies	3.295772
45	31	20.593	10.756	610	19.498	Pinus_sylvestris	54.975679
45	32	19.081	7.637	191	8.749	Picea_abies	6.762585
45	33	9.508	8.276	149	8.827	Picea_abies	3.149713
45	34	23.072	14.569	125	9.313	Picea_abies	3.0890655
45	35	25.14	31.006	328	16.95	Picea_abies	15.1747985
45	36	33.086	25.864	373	17.008	Picea_abies	17.259428
45	37	28.08	20.081	135	9.055	Picea_abies	3.530355
45	38	28.067	19.622	115	6.706	Picea_abies	2.462165
45	39	31.454	16.94	231	14.943	Picea_abies	8.582731
45	40	30.224	17.158	141	11.491	Picea_abies	2.978061
45	41	22.988	13.255	122	9.32	Picea_abies	2.75008
45	42	25.346	11.767	140	8.63	Picea_abies	4.317807
45	43	29.178	10.38	100	8.486	Picea_abies	1.700345
45	44	31.299	13.734	203	14.451	Picea_abies	4.0007725
45	45	31.386	4.347	131	9.26	Picea_abies	3.8442115
45	46	31.478	3.844	145	9.325	Betula_pubescens	9.29512
45	47	20.494	-2.219	380	16.606	Pinus_sylvestris	21.3708865
46	1	2.867	3.198	170	13.796	Pinus_sylvestris	2.638825
46	2	2.967	4.142	110	7.601	Betula_pubescens	5.960322
46	3	4.216	4.398	185	13.519	Betula_pubescens	7.472478
46	4	-0.342	7.442	180	14.951	Picea_abies	4.70653
46	5	1.618	11.259	410	20.571	Pinus_sylvestris	18.5289485
46	6	4.601	19.208	382	13.199	Pinus_sylvestris	19.622612
46	7	5.781	21.501	150	11.606	Picea_abies	3.198616
46	8	8.353	20.017	180	9.007	Picea_abies	3.8100275
46	9	5.718	23.6	145	10.691	Picea_abies	3.099793
46	10	3.036	26.562	170	13.194	Picea_abies	5.4150765
46	11	12.668	21.731	168	10.187	Picea_abies	4.3453245
46	12	9.568	7.635	161	11.528	Picea_abies	2.8445515
46	13	11.222	6.396	333	16.495	Pinus_sylvestris	10.702063
46	14	7.972	2.22	351	16.779	Pinus_sylvestris	12.184317
46	15	14.509	3.698	326	15.672	Pinus_sylvestris	12.676647
46	16	15.286	2.176	220	12.301	Pinus_sylvestris	5.8721805
46	17	14.361	0.647	111	8.746	Picea_abies	2.331273
46	18	17.714	8.923	113	8.556	Picea_abies	1.9348355
46	19	20.113	7.67	101	7.92	Picea_abies	2.5359245
46	20	22.597	4.526	211	14.625	Betula_pubescens	10.1414575
46	21	23.356	4.217	240	14.721	Picea_abies	6.9535675
46	22	27.877	3.657	120	7.376	Picea_abies	3.9909555
46	23	28.961	7.255	129	10.023	Picea_abies	0.726619
46	24	27.345	12.513	237	16.15	Picea_abies	3.18622
46	25	26.547	13.928	195	15.445	Picea_abies	3.0650115
46	26	22.618	14.246	124	11.499	Picea_abies	2.5519935
46	27	27.255	16.752	261	13.918	Betula_pubescens	16.7280655
46	28	28.493	16.34	127	7.546	Picea_abies	4.6481725
46	29	25.382	23.669	650	25.657	Pinus_sylvestris	46.4261135
46	30	20.75	23.807	292	16.778	Picea_abies	9.3216785
46	31	21.801	22.71	191	11.091	Betula_pubescens	14.0004535
46	32	18.061	22.576	476	19.87	Pinus_sylvestris	17.907044
46	33	14.855	17.457	101	8.229	Picea_abies	2.8010085
46	34	15.119	31.772	420	24.601	Pinus_sylvestris	46.408382
46	35	17.421	30.698	159	11.463	Picea_abies	7.873853
46	36	8.612	32.193	338	19.55	Pinus_sylvestris	9.952375
46	37	30.764	-3.084	377	16.772	Pinus_sylvestris	18.7957465
46	38	21.926	29.154	123	11.054	Picea_abies	1.886595
46	39	26.475	27.591	351	22.081	Pinus_sylvestris	8.5543
47	1	0.325	6.442	260	16.413	Pinus_sylvestris	8.3549725
47	2	2.046	6.681	215	17.504	Pinus_sylvestris	3.951846
47	3	1.705	7.488	159	10.185	Picea_abies	4.53469
47	4	3.427	5.67	231	16.755	Pinus_sylvestris	2.941555
47	5	4.914	5.396	196	15.855	Pinus_sylvestris	6.406156
47	6	4.345	8.206	190	16.624	Pinus_sylvestris	4.1768295
47	7	2.448	8.686	189	16.576	Betula_pubescens	8.844532
47	8	-1.074	8.944	296	16.917	Pinus_sylvestris	10.4563855
47	9	1.376	15.238	200	8.386	Pinus_sylvestris	6.0892355
47	10	2.588	15.189	235	15.598	Betula_pubescens	9.897303
47	11	1.673	16.218	169	14.255	Picea_abies	7.1346855
47	12	0.071	20.348	277	17.465	Pinus_sylvestris	17.6431695
47	13	5.011	9.894	142	11.591	Picea_abies	2.76953
47	14	7.576	10.043	100	7.159	Picea_abies	1.783227
47	15	8.28	8.88	183	14.957	Pinus_sylvestris	4.249062
47	16	10.16	13.212	393	19.51	Pinus_sylvestris	23.6169985
47	17	10.486	16.08	414	24.828	Pinus_sylvestris	23.1707765
47	18	8.956	17.248	149	10.634	Picea_abies	1.815937
47	19	9.779	17.876	331	20.239	Pinus_sylvestris	11.0437155
47	20	13.666	16.063	320	20.259	Pinus_sylvestris	12.0549855
47	21	16.245	22.171	431	19.076	Pinus_sylvestris	31.935029
47	22	18.783	20.462	231	14.074	Betula_pubescens	14.741275
47	23	22.776	20.652	429	21.092	Pinus_sylvestris	17.5775265
47	24	23.773	16.059	318	19.143	Picea_abies	7.99841
47	25	19.831	8.113	313	20.757	Pinus_sylvestris	14.045037
47	26	14.459	5.757	165	13.837	Pinus_sylvestris	4.913287
47	27	13.51	6.988	600	21.674	Pinus_sylvestris	22.3731975
47	28	11.532	2.556	443	17.313	Pinus_sylvestris	29.467856
47	29	10.003	0.747	322	17.559	Pinus_sylvestris	9.370821
47	30	4.897	0.725	240	18.04	Picea_abies	2.554445
47	31	22.218	2.554	220	13.812	Pinus_sylvestris	8.9802895
47	32	29.877	5.317	364	21.134	Picea_abies	6.415147
47	33	31.256	2.074	452	22.263	Pinus_sylvestris	25.546666
47	34	32.908	11.866	389	17.766	Pinus_sylvestris	17.1224685
47	35	31.334	13.187	212	15.557	Pinus_sylvestris	6.8165885
47	36	26.255	18.104	441	15.529	Pinus_sylvestris	22.17773
47	37	17.858	23.779	299	16.286	Picea_abies	11.646164
47	38	19.522	28.052	339	20.089	Picea_abies	9.6926185
47	39	11.397	26.56	185	11.73	Betula_pubescens	8.2560625
47	40	10.483	19.589	197	11.698	Picea_abies	6.0772395
47	41	3.597	20.772	150	9.454	Picea_abies	2.1157105
47	42	7.817	31.892	272	18.857	Picea_abies	2.0572945
47	43	16.87	31.847	132	9.319	Betula_pubescens	5.66505
47	44	18.603	31.782	490	20.865	Pinus_sylvestris	23.3133765
47	45	27.539	31.699	110	8.052	Picea_abies	2.142674
47	46	31.845	29.046	162	11.261	Picea_abies	3.5847795
47	47	31.055	29.895	155	14.139	Picea_abies	5.712561
48	1	7.387	6.325	270	14.803	Picea_abies	8.322335
48	2	7.833	12.545	319	19.325	Picea_abies	13.687477
48	3	8.861	0.325	114	7.074	Picea_abies	8.8672735
48	4	13.098	2.385	267	14.401	Picea_abies	6.7922245
48	5	12.992	2.584	154	11.263	Picea_abies	5.6235955
48	6	20.872	9.578	370	16.772	Picea_abies	19.954602
48	7	23.106	9.727	441	18.408	Picea_abies	9.2464555
48	8	20.118	10.928	108	4.949	Betula_pubescens	3.5217775
48	9	4.392	17.381	335	16.067	Picea_abies	8.8765825
48	10	2.114	16.167	189	10.151	Picea_abies	3.946009
48	11	1.621	16.627	111	9.15	Picea_abies	2.0290065
48	12	2.486	16.916	175	10.764	Picea_abies	2.37475
48	13	7.834	20.166	308	18.927	Picea_abies	4.857674
48	14	9.378	21.114	286	14.742	Picea_abies	11.825917
48	15	1.887	-0.775	160	11.612	Betula_pubescens	9.04005
48	16	18.409	25.4	176	10.17	Betula_pubescens	6.0695605
48	17	19.718	21.732	429	20.317	Picea_abies	12.5650635
48	18	19.429	20.783	215	15.636	Picea_abies	3.488374
48	19	19.962	19.284	240	15.677	Picea_abies	10.0032785
48	20	19.981	18.992	245	15.038	Picea_abies	9.5749005
48	21	17.386	14.916	276	15.225	Picea_abies	8.5705045
48	22	11.616	9.993	118	7.997	Betula_pubescens	2.5719355
48	23	16.683	4.1	136	9.264	Betula_pubescens	4.992263
48	24	16.909	3.494	148	8.413	Betula_pubescens	3.84649
48	25	18.906	4.459	129	5.998	Betula_pubescens	1.485722
48	26	5.694	31.768	298	15.721	Picea_abies	8.409959
48	27	7.428	29.345	530	19.347	Picea_abies	30.6776925
48	28	6.496	26.901	109	4.747	Betula_pubescens	2.118488
48	29	23.315	29.886	233	12.604	Betula_pubescens	15.1869265
48	30	23.173	32.156	116	9.233	Betula_pubescens	8.287377
48	31	26.601	25.112	125	8.125	Picea_abies	5.716392
48	32	27.559	20.064	147	9.846	Betula_pubescens	14.7656365
48	33	27.957	19.698	118	9.158	Betula_pubescens	4.781195
48	34	29.832	15.179	116	8.672	Betula_pubescens	6.725127
48	35	30.209	14.989	236	11.057	Betula_pubescens	10.121791
48	36	28.49	13.572	128	8.587	Betula_pubescens	5.5089195
48	37	25.085	15.273	203	12.666	Betula_pubescens	12.632634
48	38	25.202	17.051	139	11.688	Betula_pubescens	3.270955
48	39	26.851	10.174	133	10.395	Betula_pubescens	6.752834
48	40	28.524	3.993	112	6.48	Betula_pubescens	5.252704
48	41	28.121	4.387	130	8.298	Betula_pubescens	5.839169
48	42	26.869	2.138	111	8.121	Betula_pubescens	3.008512
48	43	26.696	5.716	152	8.557	Betula_pubescens	5.396388
48	44	26.758	6.126	118	8.747	Betula_pubescens	6.153272
48	45	27.801	9.806	126	11.882	Betula_pubescens	7.9828595
